2026-03-04 15:39:25.519  INFO 22912 --- [restartedMain] c.e.e.ExpenseTrackerApiApplication       : Starting ExpenseTrackerApiApplication using Java 17.0.18 on testlap with PID 22912 (C:\Users\ahmad.alhukail\Documents\GitHub\Expense-Tracker-API\target\classes started by ahmad.alhukail in C:\Users\ahmad.alhukail\Documents\GitHub\Expense-Tracker-API)
2026-03-04 15:39:25.521  INFO 22912 --- [restartedMain] c.e.e.ExpenseTrackerApiApplication       : No active profile set, falling back to 1 default profile: "default"
2026-03-04 15:39:25.588  INFO 22912 --- [restartedMain] .e.DevToolsPropertyDefaultsPostProcessor : Devtools property defaults active! Set 'spring.devtools.add-properties' to 'false' to disable
2026-03-04 15:39:25.589  INFO 22912 --- [restartedMain] .e.DevToolsPropertyDefaultsPostProcessor : For additional web related logging consider setting the 'logging.level.web' property to 'DEBUG'
2026-03-04 15:39:26.909  INFO 22912 --- [restartedMain] .s.d.r.c.RepositoryConfigurationDelegate : Bootstrapping Spring Data JPA repositories in DEFAULT mode.
2026-03-04 15:39:27.004  INFO 22912 --- [restartedMain] .s.d.r.c.RepositoryConfigurationDelegate : Finished Spring Data repository scanning in 79 ms. Found 3 JPA repository interfaces.
2026-03-04 15:39:27.783  INFO 22912 --- [restartedMain] o.s.b.w.embedded.tomcat.TomcatWebServer  : Tomcat initialized with port(s): 9000 (http)
2026-03-04 15:39:27.794  INFO 22912 --- [restartedMain] o.apache.catalina.core.StandardService   : Starting service [Tomcat]
2026-03-04 15:39:27.795  INFO 22912 --- [restartedMain] org.apache.catalina.core.StandardEngine  : Starting Servlet engine: [Apache Tomcat/9.0.83]
2026-03-04 15:39:27.875  INFO 22912 --- [restartedMain] o.a.c.c.C.[Tomcat].[localhost].[/]       : Initializing Spring embedded WebApplicationContext
2026-03-04 15:39:27.876  INFO 22912 --- [restartedMain] w.s.c.ServletWebServerApplicationContext : Root WebApplicationContext: initialization completed in 2286 ms
2026-03-04 15:39:28.043  INFO 22912 --- [restartedMain] com.zaxxer.hikari.HikariDataSource       : HikariPool-1 - Starting...
2026-03-04 15:39:28.442  INFO 22912 --- [restartedMain] com.zaxxer.hikari.HikariDataSource       : HikariPool-1 - Start completed.
2026-03-04 15:39:28.458  INFO 22912 --- [restartedMain] o.s.b.a.h2.H2ConsoleAutoConfiguration    : H2 console available at '/h2-console'. Database available at 'jdbc:postgresql://localhost:5432/expense_tracker'
2026-03-04 15:39:28.655  INFO 22912 --- [restartedMain] o.hibernate.jpa.internal.util.LogHelper  : HHH000204: Processing PersistenceUnitInfo [name: default]
2026-03-04 15:39:28.776  INFO 22912 --- [restartedMain] org.hibernate.Version                    : HHH000412: Hibernate ORM core version 5.6.15.Final
2026-03-04 15:39:29.076  INFO 22912 --- [restartedMain] o.hibernate.annotations.common.Version   : HCANN000001: Hibernate Commons Annotations {5.1.2.Final}
2026-03-04 15:39:29.296  INFO 22912 --- [restartedMain] org.hibernate.dialect.Dialect            : HHH000400: Using dialect: org.hibernate.dialect.PostgreSQLDialect
2026-03-04 15:39:30.186 DEBUG 22912 --- [restartedMain] org.hibernate.SQL                        : alter table expenses drop constraint FKg37g4b5wtu8ab4oq2rpmfagmg
2026-03-04 15:39:30.198 DEBUG 22912 --- [restartedMain] org.hibernate.SQL                        : alter table expenses drop constraint FKhpk0n2cbnfiuu5nrgl0ika3hq
2026-03-04 15:39:30.200 DEBUG 22912 --- [restartedMain] org.hibernate.SQL                        : drop table if exists category cascade
2026-03-04 15:39:30.216 DEBUG 22912 --- [restartedMain] org.hibernate.SQL                        : drop table if exists expenses cascade
2026-03-04 15:39:30.221 DEBUG 22912 --- [restartedMain] org.hibernate.SQL                        : drop table if exists users cascade
2026-03-04 15:39:30.231 DEBUG 22912 --- [restartedMain] org.hibernate.SQL                        : create table category (id  bigserial not null, created_at timestamp not null, deleted boolean, updated_at timestamp not null, description varchar(200), name varchar(50) not null, primary key (id))
2026-03-04 15:39:30.314 DEBUG 22912 --- [restartedMain] org.hibernate.SQL                        : create table expenses (id  bigserial not null, created_at timestamp not null, deleted boolean, updated_at timestamp not null, amount numeric(19, 2) not null, currency varchar(3) not null, description varchar(200), expense_date date not null, title varchar(100) not null, category_id int8 not null, user_id int8 not null, primary key (id))
2026-03-04 15:39:30.320 DEBUG 22912 --- [restartedMain] org.hibernate.SQL                        : create table users (id  bigserial not null, created_at timestamp not null, deleted boolean, updated_at timestamp not null, email varchar(100), enabled boolean not null, password varchar(255) not null, roles varchar(255) not null, username varchar(50) not null, primary key (id))
2026-03-04 15:39:30.328 DEBUG 22912 --- [restartedMain] org.hibernate.SQL                        : alter table category add constraint UK_46ccwnsi9409t36lurvtyljak unique (name)
2026-03-04 15:39:30.330 DEBUG 22912 --- [restartedMain] org.hibernate.SQL                        : alter table users add constraint UK_6dotkott2kjsp8vw4d0m25fb7 unique (email)
2026-03-04 15:39:30.332 DEBUG 22912 --- [restartedMain] org.hibernate.SQL                        : alter table users add constraint UK_r43af9ap4edm43mmtq01oddj6 unique (username)
2026-03-04 15:39:30.335 DEBUG 22912 --- [restartedMain] org.hibernate.SQL                        : alter table expenses add constraint FKg37g4b5wtu8ab4oq2rpmfagmg foreign key (category_id) references category
2026-03-04 15:39:30.343 DEBUG 22912 --- [restartedMain] org.hibernate.SQL                        : alter table expenses add constraint FKhpk0n2cbnfiuu5nrgl0ika3hq foreign key (user_id) references users
2026-03-04 15:39:30.349  INFO 22912 --- [restartedMain] o.h.e.t.j.p.i.JtaPlatformInitiator       : HHH000490: Using JtaPlatform implementation: [org.hibernate.engine.transaction.jta.platform.internal.NoJtaPlatform]
2026-03-04 15:39:30.360  INFO 22912 --- [restartedMain] j.LocalContainerEntityManagerFactoryBean : Initialized JPA EntityManagerFactory for persistence unit 'default'
2026-03-04 15:39:31.322  WARN 22912 --- [restartedMain] JpaBaseConfiguration$JpaWebConfiguration : spring.jpa.open-in-view is enabled by default. Therefore, database queries may be performed during view rendering. Explicitly configure spring.jpa.open-in-view to disable this warning
2026-03-04 15:39:31.951  INFO 22912 --- [restartedMain] o.s.b.d.a.OptionalLiveReloadServer       : LiveReload server is running on port 35729
2026-03-04 15:39:31.958  INFO 22912 --- [restartedMain] o.s.b.a.e.web.EndpointLinksResolver      : Exposing 3 endpoint(s) beneath base path '/actuator'
2026-03-04 15:39:32.013  INFO 22912 --- [restartedMain] o.s.b.w.embedded.tomcat.TomcatWebServer  : Tomcat started on port(s): 9000 (http) with context path ''
2026-03-04 15:39:32.033  INFO 22912 --- [restartedMain] c.e.e.ExpenseTrackerApiApplication       : Started ExpenseTrackerApiApplication in 7.116 seconds (JVM running for 8.267)
2026-03-04 15:39:32.147 DEBUG 22912 --- [restartedMain] org.hibernate.SQL                        : select count(*) as col_0_0_ from users user0_
2026-03-04 15:39:32.295 DEBUG 22912 --- [restartedMain] org.hibernate.SQL                        : insert into users (created_at, deleted, updated_at, email, enabled, password, roles, username) values (?, ?, ?, ?, ?, ?, ?, ?)
2026-03-04 15:39:32.298 TRACE 22912 --- [restartedMain] o.h.type.descriptor.sql.BasicBinder      : binding parameter [1] as [TIMESTAMP] - [2026-03-04T15:39:32.278002300]
2026-03-04 15:39:32.299 TRACE 22912 --- [restartedMain] o.h.type.descriptor.sql.BasicBinder      : binding parameter [2] as [BOOLEAN] - [false]
2026-03-04 15:39:32.300 TRACE 22912 --- [restartedMain] o.h.type.descriptor.sql.BasicBinder      : binding parameter [3] as [TIMESTAMP] - [2026-03-04T15:39:32.278002300]
2026-03-04 15:39:32.300 TRACE 22912 --- [restartedMain] o.h.type.descriptor.sql.BasicBinder      : binding parameter [4] as [VARCHAR] - [admin@elm.com]
2026-03-04 15:39:32.301 TRACE 22912 --- [restartedMain] o.h.type.descriptor.sql.BasicBinder      : binding parameter [5] as [BOOLEAN] - [true]
2026-03-04 15:39:32.301 TRACE 22912 --- [restartedMain] o.h.type.descriptor.sql.BasicBinder      : binding parameter [6] as [VARCHAR] - [$2a$10$.XtQKvI0x.N4kkuhtGp1vuA4h7tkMhNl2IBS8LWuYd7Q1oJ.Rr.I2]
2026-03-04 15:39:32.301 TRACE 22912 --- [restartedMain] o.h.type.descriptor.sql.BasicBinder      : binding parameter [7] as [VARCHAR] - [ADMIN,USER]
2026-03-04 15:39:32.301 TRACE 22912 --- [restartedMain] o.h.type.descriptor.sql.BasicBinder      : binding parameter [8] as [VARCHAR] - [superadmin]
2026-03-04 15:39:32.830  INFO 22912 --- [RMI TCP Connection(1)-192.168.252.253] o.a.c.c.C.[Tomcat].[localhost].[/]       : Initializing Spring DispatcherServlet 'dispatcherServlet'
2026-03-04 15:39:32.831  INFO 22912 --- [RMI TCP Connection(1)-192.168.252.253] o.s.web.servlet.DispatcherServlet        : Initializing Servlet 'dispatcherServlet'
2026-03-04 15:39:32.836  INFO 22912 --- [RMI TCP Connection(1)-192.168.252.253] o.s.web.servlet.DispatcherServlet        : Completed initialization in 4 ms
2026-03-04 15:47:39.415  INFO 22912 --- [File Watcher] rtingClassPathChangeChangedEventListener : Restarting due to 1 class path change (0 additions, 0 deletions, 1 modification)
2026-03-04 15:47:39.434  INFO 22912 --- [Thread-5] o.apache.catalina.core.StandardService   : Stopping service [Tomcat]
2026-03-04 15:47:39.436  INFO 22912 --- [Thread-5] o.a.c.c.C.[Tomcat].[localhost].[/]       : Destroying Spring FrameworkServlet 'dispatcherServlet'
2026-03-04 15:47:39.448  INFO 22912 --- [Thread-5] j.LocalContainerEntityManagerFactoryBean : Closing JPA EntityManagerFactory for persistence unit 'default'
2026-03-04 15:47:39.453  INFO 22912 --- [Thread-5] com.zaxxer.hikari.HikariDataSource       : HikariPool-1 - Shutdown initiated...
2026-03-04 15:47:39.457  INFO 22912 --- [Thread-5] com.zaxxer.hikari.HikariDataSource       : HikariPool-1 - Shutdown completed.
2026-03-04 15:47:39.568  INFO 22912 --- [restartedMain] c.e.e.ExpenseTrackerApiApplication       : Starting ExpenseTrackerApiApplication using Java 17.0.18 on testlap with PID 22912 (C:\Users\ahmad.alhukail\Documents\GitHub\Expense-Tracker-API\target\classes started by ahmad.alhukail in C:\Users\ahmad.alhukail\Documents\GitHub\Expense-Tracker-API)
2026-03-04 15:47:39.568  INFO 22912 --- [restartedMain] c.e.e.ExpenseTrackerApiApplication       : No active profile set, falling back to 1 default profile: "default"
2026-03-04 15:47:39.986  INFO 22912 --- [restartedMain] .s.d.r.c.RepositoryConfigurationDelegate : Bootstrapping Spring Data JPA repositories in DEFAULT mode.
2026-03-04 15:47:40.005  INFO 22912 --- [restartedMain] .s.d.r.c.RepositoryConfigurationDelegate : Finished Spring Data repository scanning in 19 ms. Found 3 JPA repository interfaces.
2026-03-04 15:47:40.141  INFO 22912 --- [restartedMain] o.s.b.w.embedded.tomcat.TomcatWebServer  : Tomcat initialized with port(s): 9000 (http)
2026-03-04 15:47:40.142  INFO 22912 --- [restartedMain] o.apache.catalina.core.StandardService   : Starting service [Tomcat]
2026-03-04 15:47:40.142  INFO 22912 --- [restartedMain] org.apache.catalina.core.StandardEngine  : Starting Servlet engine: [Apache Tomcat/9.0.83]
2026-03-04 15:47:40.161  INFO 22912 --- [restartedMain] o.a.c.c.C.[Tomcat].[localhost].[/]       : Initializing Spring embedded WebApplicationContext
2026-03-04 15:47:40.161  INFO 22912 --- [restartedMain] w.s.c.ServletWebServerApplicationContext : Root WebApplicationContext: initialization completed in 589 ms
2026-03-04 15:47:40.204  INFO 22912 --- [restartedMain] com.zaxxer.hikari.HikariDataSource       : HikariPool-2 - Starting...
2026-03-04 15:47:40.364  INFO 22912 --- [restartedMain] com.zaxxer.hikari.HikariDataSource       : HikariPool-2 - Start completed.
2026-03-04 15:47:40.365  INFO 22912 --- [restartedMain] o.s.b.a.h2.H2ConsoleAutoConfiguration    : H2 console available at '/h2-console'. Database available at 'jdbc:postgresql://localhost:5432/expense_tracker'
2026-03-04 15:47:40.436  INFO 22912 --- [restartedMain] o.hibernate.jpa.internal.util.LogHelper  : HHH000204: Processing PersistenceUnitInfo [name: default]
2026-03-04 15:47:40.442  INFO 22912 --- [restartedMain] org.hibernate.dialect.Dialect            : HHH000400: Using dialect: org.hibernate.dialect.PostgreSQLDialect
2026-03-04 15:47:40.515 DEBUG 22912 --- [restartedMain] org.hibernate.SQL                        : alter table expenses drop constraint FKg37g4b5wtu8ab4oq2rpmfagmg
2026-03-04 15:47:40.519 DEBUG 22912 --- [restartedMain] org.hibernate.SQL                        : alter table expenses drop constraint FKhpk0n2cbnfiuu5nrgl0ika3hq
2026-03-04 15:47:40.521 DEBUG 22912 --- [restartedMain] org.hibernate.SQL                        : drop table if exists category cascade
2026-03-04 15:47:40.526 DEBUG 22912 --- [restartedMain] org.hibernate.SQL                        : drop table if exists expenses cascade
2026-03-04 15:47:40.530 DEBUG 22912 --- [restartedMain] org.hibernate.SQL                        : drop table if exists users cascade
2026-03-04 15:47:40.539 DEBUG 22912 --- [restartedMain] org.hibernate.SQL                        : create table category (id  bigserial not null, created_at timestamp not null, deleted boolean, updated_at timestamp not null, description varchar(200), name varchar(50) not null, primary key (id))
2026-03-04 15:47:40.569 DEBUG 22912 --- [restartedMain] org.hibernate.SQL                        : create table expenses (id  bigserial not null, created_at timestamp not null, deleted boolean, updated_at timestamp not null, amount numeric(19, 2) not null, currency varchar(3) not null, description varchar(200), expense_date date not null, title varchar(100) not null, category_id int8 not null, user_id int8 not null, primary key (id))
2026-03-04 15:47:40.575 DEBUG 22912 --- [restartedMain] org.hibernate.SQL                        : create table users (id  bigserial not null, created_at timestamp not null, deleted boolean, updated_at timestamp not null, email varchar(100), enabled boolean not null, password varchar(255) not null, roles varchar(255) not null, username varchar(50) not null, primary key (id))
2026-03-04 15:47:40.582 DEBUG 22912 --- [restartedMain] org.hibernate.SQL                        : alter table category add constraint UK_46ccwnsi9409t36lurvtyljak unique (name)
2026-03-04 15:47:40.585 DEBUG 22912 --- [restartedMain] org.hibernate.SQL                        : alter table users add constraint UK_6dotkott2kjsp8vw4d0m25fb7 unique (email)
2026-03-04 15:47:40.588 DEBUG 22912 --- [restartedMain] org.hibernate.SQL                        : alter table users add constraint UK_r43af9ap4edm43mmtq01oddj6 unique (username)
2026-03-04 15:47:40.594 DEBUG 22912 --- [restartedMain] org.hibernate.SQL                        : alter table expenses add constraint FKg37g4b5wtu8ab4oq2rpmfagmg foreign key (category_id) references category
2026-03-04 15:47:40.598 DEBUG 22912 --- [restartedMain] org.hibernate.SQL                        : alter table expenses add constraint FKhpk0n2cbnfiuu5nrgl0ika3hq foreign key (user_id) references users
2026-03-04 15:47:40.604  INFO 22912 --- [restartedMain] o.h.e.t.j.p.i.JtaPlatformInitiator       : HHH000490: Using JtaPlatform implementation: [org.hibernate.engine.transaction.jta.platform.internal.NoJtaPlatform]
2026-03-04 15:47:40.605  INFO 22912 --- [restartedMain] j.LocalContainerEntityManagerFactoryBean : Initialized JPA EntityManagerFactory for persistence unit 'default'
2026-03-04 15:47:40.851  WARN 22912 --- [restartedMain] JpaBaseConfiguration$JpaWebConfiguration : spring.jpa.open-in-view is enabled by default. Therefore, database queries may be performed during view rendering. Explicitly configure spring.jpa.open-in-view to disable this warning
2026-03-04 15:47:41.041  INFO 22912 --- [restartedMain] o.s.b.d.a.OptionalLiveReloadServer       : LiveReload server is running on port 35729
2026-03-04 15:47:41.046  INFO 22912 --- [restartedMain] o.s.b.a.e.web.EndpointLinksResolver      : Exposing 3 endpoint(s) beneath base path '/actuator'
2026-03-04 15:47:41.072  INFO 22912 --- [restartedMain] o.s.b.w.embedded.tomcat.TomcatWebServer  : Tomcat started on port(s): 9000 (http) with context path ''
2026-03-04 15:47:41.083  INFO 22912 --- [restartedMain] c.e.e.ExpenseTrackerApiApplication       : Started ExpenseTrackerApiApplication in 1.558 seconds (JVM running for 497.317)
2026-03-04 15:47:41.087 DEBUG 22912 --- [restartedMain] org.hibernate.SQL                        : select count(*) as col_0_0_ from users user0_
2026-03-04 15:47:41.183 DEBUG 22912 --- [restartedMain] org.hibernate.SQL                        : insert into users (created_at, deleted, updated_at, email, enabled, password, roles, username) values (?, ?, ?, ?, ?, ?, ?, ?)
2026-03-04 15:47:41.184 TRACE 22912 --- [restartedMain] o.h.type.descriptor.sql.BasicBinder      : binding parameter [1] as [TIMESTAMP] - [2026-03-04T15:47:41.183862300]
2026-03-04 15:47:41.184 TRACE 22912 --- [restartedMain] o.h.type.descriptor.sql.BasicBinder      : binding parameter [2] as [BOOLEAN] - [false]
2026-03-04 15:47:41.184 TRACE 22912 --- [restartedMain] o.h.type.descriptor.sql.BasicBinder      : binding parameter [3] as [TIMESTAMP] - [2026-03-04T15:47:41.183862300]
2026-03-04 15:47:41.185 TRACE 22912 --- [restartedMain] o.h.type.descriptor.sql.BasicBinder      : binding parameter [4] as [VARCHAR] - [admin@elm.com]
2026-03-04 15:47:41.186 TRACE 22912 --- [restartedMain] o.h.type.descriptor.sql.BasicBinder      : binding parameter [5] as [BOOLEAN] - [true]
2026-03-04 15:47:41.187 TRACE 22912 --- [restartedMain] o.h.type.descriptor.sql.BasicBinder      : binding parameter [6] as [VARCHAR] - [$2a$10$r7.Ng0.wa0gBh2a.qZbL5OUbDAX4cfI5AffJmzeM77rPeyAV9CmPy]
2026-03-04 15:47:41.187 TRACE 22912 --- [restartedMain] o.h.type.descriptor.sql.BasicBinder      : binding parameter [7] as [VARCHAR] - [ADMIN,USER]
2026-03-04 15:47:41.187 TRACE 22912 --- [restartedMain] o.h.type.descriptor.sql.BasicBinder      : binding parameter [8] as [VARCHAR] - [superadmin]
2026-03-04 15:47:41.193  INFO 22912 --- [restartedMain] .ConditionEvaluationDeltaLoggingListener : Condition evaluation unchanged
2026-03-04 15:47:58.829  INFO 22912 --- [File Watcher] rtingClassPathChangeChangedEventListener : Restarting due to 1 class path change (0 additions, 0 deletions, 1 modification)
2026-03-04 15:47:58.851  INFO 22912 --- [Thread-7] o.apache.catalina.core.StandardService   : Stopping service [Tomcat]
2026-03-04 15:47:58.860  INFO 22912 --- [Thread-7] j.LocalContainerEntityManagerFactoryBean : Closing JPA EntityManagerFactory for persistence unit 'default'
2026-03-04 15:47:58.862  INFO 22912 --- [Thread-7] com.zaxxer.hikari.HikariDataSource       : HikariPool-2 - Shutdown initiated...
2026-03-04 15:47:58.874  INFO 22912 --- [Thread-7] com.zaxxer.hikari.HikariDataSource       : HikariPool-2 - Shutdown completed.
2026-03-04 15:47:59.030  INFO 22912 --- [restartedMain] c.e.e.ExpenseTrackerApiApplication       : Starting ExpenseTrackerApiApplication using Java 17.0.18 on testlap with PID 22912 (C:\Users\ahmad.alhukail\Documents\GitHub\Expense-Tracker-API\target\classes started by ahmad.alhukail in C:\Users\ahmad.alhukail\Documents\GitHub\Expense-Tracker-API)
2026-03-04 15:47:59.031  INFO 22912 --- [restartedMain] c.e.e.ExpenseTrackerApiApplication       : No active profile set, falling back to 1 default profile: "default"
2026-03-04 15:47:59.707  INFO 22912 --- [restartedMain] .s.d.r.c.RepositoryConfigurationDelegate : Bootstrapping Spring Data JPA repositories in DEFAULT mode.
2026-03-04 15:47:59.732  INFO 22912 --- [restartedMain] .s.d.r.c.RepositoryConfigurationDelegate : Finished Spring Data repository scanning in 23 ms. Found 3 JPA repository interfaces.
2026-03-04 15:47:59.911  INFO 22912 --- [restartedMain] o.s.b.w.embedded.tomcat.TomcatWebServer  : Tomcat initialized with port(s): 9000 (http)
2026-03-04 15:47:59.912  INFO 22912 --- [restartedMain] o.apache.catalina.core.StandardService   : Starting service [Tomcat]
2026-03-04 15:47:59.912  INFO 22912 --- [restartedMain] org.apache.catalina.core.StandardEngine  : Starting Servlet engine: [Apache Tomcat/9.0.83]
2026-03-04 15:47:59.932  INFO 22912 --- [restartedMain] o.a.c.c.C.[Tomcat].[localhost].[/]       : Initializing Spring embedded WebApplicationContext
2026-03-04 15:47:59.932  INFO 22912 --- [restartedMain] w.s.c.ServletWebServerApplicationContext : Root WebApplicationContext: initialization completed in 896 ms
2026-03-04 15:47:59.978  INFO 22912 --- [restartedMain] com.zaxxer.hikari.HikariDataSource       : HikariPool-3 - Starting...
2026-03-04 15:48:00.043  INFO 22912 --- [restartedMain] com.zaxxer.hikari.HikariDataSource       : HikariPool-3 - Start completed.
2026-03-04 15:48:00.044  INFO 22912 --- [restartedMain] o.s.b.a.h2.H2ConsoleAutoConfiguration    : H2 console available at '/h2-console'. Database available at 'jdbc:postgresql://localhost:5432/expense_tracker'
2026-03-04 15:48:00.106  INFO 22912 --- [restartedMain] o.hibernate.jpa.internal.util.LogHelper  : HHH000204: Processing PersistenceUnitInfo [name: default]
2026-03-04 15:48:00.110  INFO 22912 --- [restartedMain] org.hibernate.dialect.Dialect            : HHH000400: Using dialect: org.hibernate.dialect.PostgreSQLDialect
2026-03-04 15:48:00.170 DEBUG 22912 --- [restartedMain] org.hibernate.SQL                        : alter table expenses drop constraint FKg37g4b5wtu8ab4oq2rpmfagmg
2026-03-04 15:48:00.173 DEBUG 22912 --- [restartedMain] org.hibernate.SQL                        : alter table expenses drop constraint FKhpk0n2cbnfiuu5nrgl0ika3hq
2026-03-04 15:48:00.175 DEBUG 22912 --- [restartedMain] org.hibernate.SQL                        : drop table if exists category cascade
2026-03-04 15:48:00.180 DEBUG 22912 --- [restartedMain] org.hibernate.SQL                        : drop table if exists expenses cascade
2026-03-04 15:48:00.183 DEBUG 22912 --- [restartedMain] org.hibernate.SQL                        : drop table if exists users cascade
2026-03-04 15:48:00.194 DEBUG 22912 --- [restartedMain] org.hibernate.SQL                        : create table category (id  bigserial not null, created_at timestamp not null, deleted boolean, updated_at timestamp not null, description varchar(200), name varchar(50) not null, primary key (id))
2026-03-04 15:48:00.206 DEBUG 22912 --- [restartedMain] org.hibernate.SQL                        : create table expenses (id  bigserial not null, created_at timestamp not null, deleted boolean, updated_at timestamp not null, amount numeric(19, 2) not null, currency varchar(3) not null, description varchar(200), expense_date date not null, title varchar(100) not null, category_id int8 not null, user_id int8 not null, primary key (id))
2026-03-04 15:48:00.215 DEBUG 22912 --- [restartedMain] org.hibernate.SQL                        : create table users (id  bigserial not null, created_at timestamp not null, deleted boolean, updated_at timestamp not null, email varchar(100), enabled boolean not null, password varchar(255) not null, roles varchar(255) not null, username varchar(50) not null, primary key (id))
2026-03-04 15:48:00.223 DEBUG 22912 --- [restartedMain] org.hibernate.SQL                        : alter table category add constraint UK_46ccwnsi9409t36lurvtyljak unique (name)
2026-03-04 15:48:00.225 DEBUG 22912 --- [restartedMain] org.hibernate.SQL                        : alter table users add constraint UK_6dotkott2kjsp8vw4d0m25fb7 unique (email)
2026-03-04 15:48:00.230 DEBUG 22912 --- [restartedMain] org.hibernate.SQL                        : alter table users add constraint UK_r43af9ap4edm43mmtq01oddj6 unique (username)
2026-03-04 15:48:00.233 DEBUG 22912 --- [restartedMain] org.hibernate.SQL                        : alter table expenses add constraint FKg37g4b5wtu8ab4oq2rpmfagmg foreign key (category_id) references category
2026-03-04 15:48:00.236 DEBUG 22912 --- [restartedMain] org.hibernate.SQL                        : alter table expenses add constraint FKhpk0n2cbnfiuu5nrgl0ika3hq foreign key (user_id) references users
2026-03-04 15:48:00.243  INFO 22912 --- [restartedMain] o.h.e.t.j.p.i.JtaPlatformInitiator       : HHH000490: Using JtaPlatform implementation: [org.hibernate.engine.transaction.jta.platform.internal.NoJtaPlatform]
2026-03-04 15:48:00.244  INFO 22912 --- [restartedMain] j.LocalContainerEntityManagerFactoryBean : Initialized JPA EntityManagerFactory for persistence unit 'default'
2026-03-04 15:48:00.620  WARN 22912 --- [restartedMain] JpaBaseConfiguration$JpaWebConfiguration : spring.jpa.open-in-view is enabled by default. Therefore, database queries may be performed during view rendering. Explicitly configure spring.jpa.open-in-view to disable this warning
2026-03-04 15:48:00.849  INFO 22912 --- [restartedMain] o.s.b.d.a.OptionalLiveReloadServer       : LiveReload server is running on port 35729
2026-03-04 15:48:00.855  INFO 22912 --- [restartedMain] o.s.b.a.e.web.EndpointLinksResolver      : Exposing 3 endpoint(s) beneath base path '/actuator'
2026-03-04 15:48:00.878  INFO 22912 --- [restartedMain] o.s.b.w.embedded.tomcat.TomcatWebServer  : Tomcat started on port(s): 9000 (http) with context path ''
2026-03-04 15:48:00.887  INFO 22912 --- [restartedMain] c.e.e.ExpenseTrackerApiApplication       : Started ExpenseTrackerApiApplication in 1.915 seconds (JVM running for 517.121)
2026-03-04 15:48:00.891 DEBUG 22912 --- [restartedMain] org.hibernate.SQL                        : select count(*) as col_0_0_ from users user0_
2026-03-04 15:48:00.987 DEBUG 22912 --- [restartedMain] org.hibernate.SQL                        : insert into users (created_at, deleted, updated_at, email, enabled, password, roles, username) values (?, ?, ?, ?, ?, ?, ?, ?)
2026-03-04 15:48:00.987 TRACE 22912 --- [restartedMain] o.h.type.descriptor.sql.BasicBinder      : binding parameter [1] as [TIMESTAMP] - [2026-03-04T15:48:00.987519100]
2026-03-04 15:48:00.988 TRACE 22912 --- [restartedMain] o.h.type.descriptor.sql.BasicBinder      : binding parameter [2] as [BOOLEAN] - [false]
2026-03-04 15:48:00.988 TRACE 22912 --- [restartedMain] o.h.type.descriptor.sql.BasicBinder      : binding parameter [3] as [TIMESTAMP] - [2026-03-04T15:48:00.987519100]
2026-03-04 15:48:00.988 TRACE 22912 --- [restartedMain] o.h.type.descriptor.sql.BasicBinder      : binding parameter [4] as [VARCHAR] - [admin@elm.com]
2026-03-04 15:48:00.988 TRACE 22912 --- [restartedMain] o.h.type.descriptor.sql.BasicBinder      : binding parameter [5] as [BOOLEAN] - [true]
2026-03-04 15:48:00.988 TRACE 22912 --- [restartedMain] o.h.type.descriptor.sql.BasicBinder      : binding parameter [6] as [VARCHAR] - [$2a$10$xTmt6L5w.LbIBvV7VxzDSeQPsXjExuIa1oP7JVF276pnRYCWIp4Ni]
2026-03-04 15:48:00.988 TRACE 22912 --- [restartedMain] o.h.type.descriptor.sql.BasicBinder      : binding parameter [7] as [VARCHAR] - [ADMIN,USER]
2026-03-04 15:48:00.988 TRACE 22912 --- [restartedMain] o.h.type.descriptor.sql.BasicBinder      : binding parameter [8] as [VARCHAR] - [superadmin]
2026-03-04 15:48:00.992  INFO 22912 --- [restartedMain] .ConditionEvaluationDeltaLoggingListener : Condition evaluation unchanged
2026-03-04 15:48:09.403  INFO 22912 --- [File Watcher] rtingClassPathChangeChangedEventListener : Restarting due to 1 class path change (0 additions, 0 deletions, 1 modification)
2026-03-04 15:48:09.419  INFO 22912 --- [Thread-11] o.apache.catalina.core.StandardService   : Stopping service [Tomcat]
2026-03-04 15:48:09.426  INFO 22912 --- [Thread-11] j.LocalContainerEntityManagerFactoryBean : Closing JPA EntityManagerFactory for persistence unit 'default'
2026-03-04 15:48:09.427  INFO 22912 --- [Thread-11] com.zaxxer.hikari.HikariDataSource       : HikariPool-3 - Shutdown initiated...
2026-03-04 15:48:09.431  INFO 22912 --- [Thread-11] com.zaxxer.hikari.HikariDataSource       : HikariPool-3 - Shutdown completed.
2026-03-04 15:48:09.528  INFO 22912 --- [restartedMain] c.e.e.ExpenseTrackerApiApplication       : Starting ExpenseTrackerApiApplication using Java 17.0.18 on testlap with PID 22912 (C:\Users\ahmad.alhukail\Documents\GitHub\Expense-Tracker-API\target\classes started by ahmad.alhukail in C:\Users\ahmad.alhukail\Documents\GitHub\Expense-Tracker-API)
2026-03-04 15:48:09.529  INFO 22912 --- [restartedMain] c.e.e.ExpenseTrackerApiApplication       : No active profile set, falling back to 1 default profile: "default"
2026-03-04 15:48:10.148  INFO 22912 --- [restartedMain] .s.d.r.c.RepositoryConfigurationDelegate : Bootstrapping Spring Data JPA repositories in DEFAULT mode.
2026-03-04 15:48:10.183  INFO 22912 --- [restartedMain] .s.d.r.c.RepositoryConfigurationDelegate : Finished Spring Data repository scanning in 34 ms. Found 3 JPA repository interfaces.
2026-03-04 15:48:10.334  INFO 22912 --- [restartedMain] o.s.b.w.embedded.tomcat.TomcatWebServer  : Tomcat initialized with port(s): 9000 (http)
2026-03-04 15:48:10.335  INFO 22912 --- [restartedMain] o.apache.catalina.core.StandardService   : Starting service [Tomcat]
2026-03-04 15:48:10.335  INFO 22912 --- [restartedMain] org.apache.catalina.core.StandardEngine  : Starting Servlet engine: [Apache Tomcat/9.0.83]
2026-03-04 15:48:10.356  INFO 22912 --- [restartedMain] o.a.c.c.C.[Tomcat].[localhost].[/]       : Initializing Spring embedded WebApplicationContext
2026-03-04 15:48:10.357  INFO 22912 --- [restartedMain] w.s.c.ServletWebServerApplicationContext : Root WebApplicationContext: initialization completed in 825 ms
2026-03-04 15:48:10.398  INFO 22912 --- [restartedMain] com.zaxxer.hikari.HikariDataSource       : HikariPool-4 - Starting...
2026-03-04 15:48:10.496  INFO 22912 --- [restartedMain] com.zaxxer.hikari.HikariDataSource       : HikariPool-4 - Start completed.
2026-03-04 15:48:10.496  INFO 22912 --- [restartedMain] o.s.b.a.h2.H2ConsoleAutoConfiguration    : H2 console available at '/h2-console'. Database available at 'jdbc:postgresql://localhost:5432/expense_tracker'
2026-03-04 15:48:10.602  INFO 22912 --- [restartedMain] o.hibernate.jpa.internal.util.LogHelper  : HHH000204: Processing PersistenceUnitInfo [name: default]
2026-03-04 15:48:10.606  INFO 22912 --- [restartedMain] org.hibernate.dialect.Dialect            : HHH000400: Using dialect: org.hibernate.dialect.PostgreSQLDialect
2026-03-04 15:48:10.667 DEBUG 22912 --- [restartedMain] org.hibernate.SQL                        : alter table expenses drop constraint FKg37g4b5wtu8ab4oq2rpmfagmg
2026-03-04 15:48:10.670 DEBUG 22912 --- [restartedMain] org.hibernate.SQL                        : alter table expenses drop constraint FKhpk0n2cbnfiuu5nrgl0ika3hq
2026-03-04 15:48:10.672 DEBUG 22912 --- [restartedMain] org.hibernate.SQL                        : drop table if exists category cascade
2026-03-04 15:48:10.678 DEBUG 22912 --- [restartedMain] org.hibernate.SQL                        : drop table if exists expenses cascade
2026-03-04 15:48:10.682 DEBUG 22912 --- [restartedMain] org.hibernate.SQL                        : drop table if exists users cascade
2026-03-04 15:48:10.690 DEBUG 22912 --- [restartedMain] org.hibernate.SQL                        : create table category (id  bigserial not null, created_at timestamp not null, deleted boolean, updated_at timestamp not null, description varchar(200), name varchar(50) not null, primary key (id))
2026-03-04 15:48:10.699 DEBUG 22912 --- [restartedMain] org.hibernate.SQL                        : create table expenses (id  bigserial not null, created_at timestamp not null, deleted boolean, updated_at timestamp not null, amount numeric(19, 2) not null, currency varchar(3) not null, description varchar(200), expense_date date not null, title varchar(100) not null, category_id int8 not null, user_id int8 not null, primary key (id))
2026-03-04 15:48:10.707 DEBUG 22912 --- [restartedMain] org.hibernate.SQL                        : create table users (id  bigserial not null, created_at timestamp not null, deleted boolean, updated_at timestamp not null, email varchar(100), enabled boolean not null, password varchar(255) not null, roles varchar(255) not null, username varchar(50) not null, primary key (id))
2026-03-04 15:48:10.715 DEBUG 22912 --- [restartedMain] org.hibernate.SQL                        : alter table category add constraint UK_46ccwnsi9409t36lurvtyljak unique (name)
2026-03-04 15:48:10.718 DEBUG 22912 --- [restartedMain] org.hibernate.SQL                        : alter table users add constraint UK_6dotkott2kjsp8vw4d0m25fb7 unique (email)
2026-03-04 15:48:10.720 DEBUG 22912 --- [restartedMain] org.hibernate.SQL                        : alter table users add constraint UK_r43af9ap4edm43mmtq01oddj6 unique (username)
2026-03-04 15:48:10.722 DEBUG 22912 --- [restartedMain] org.hibernate.SQL                        : alter table expenses add constraint FKg37g4b5wtu8ab4oq2rpmfagmg foreign key (category_id) references category
2026-03-04 15:48:10.726 DEBUG 22912 --- [restartedMain] org.hibernate.SQL                        : alter table expenses add constraint FKhpk0n2cbnfiuu5nrgl0ika3hq foreign key (user_id) references users
2026-03-04 15:48:10.730  INFO 22912 --- [restartedMain] o.h.e.t.j.p.i.JtaPlatformInitiator       : HHH000490: Using JtaPlatform implementation: [org.hibernate.engine.transaction.jta.platform.internal.NoJtaPlatform]
2026-03-04 15:48:10.730  INFO 22912 --- [restartedMain] j.LocalContainerEntityManagerFactoryBean : Initialized JPA EntityManagerFactory for persistence unit 'default'
2026-03-04 15:48:11.064  WARN 22912 --- [restartedMain] JpaBaseConfiguration$JpaWebConfiguration : spring.jpa.open-in-view is enabled by default. Therefore, database queries may be performed during view rendering. Explicitly configure spring.jpa.open-in-view to disable this warning
2026-03-04 15:48:11.282  INFO 22912 --- [restartedMain] o.s.b.d.a.OptionalLiveReloadServer       : LiveReload server is running on port 35729
2026-03-04 15:48:11.288  INFO 22912 --- [restartedMain] o.s.b.a.e.web.EndpointLinksResolver      : Exposing 3 endpoint(s) beneath base path '/actuator'
2026-03-04 15:48:11.311  INFO 22912 --- [restartedMain] o.s.b.w.embedded.tomcat.TomcatWebServer  : Tomcat started on port(s): 9000 (http) with context path ''
2026-03-04 15:48:11.320  INFO 22912 --- [restartedMain] c.e.e.ExpenseTrackerApiApplication       : Started ExpenseTrackerApiApplication in 1.829 seconds (JVM running for 527.553)
2026-03-04 15:48:11.325 DEBUG 22912 --- [restartedMain] org.hibernate.SQL                        : select count(*) as col_0_0_ from users user0_
2026-03-04 15:48:11.448 DEBUG 22912 --- [restartedMain] org.hibernate.SQL                        : insert into users (created_at, deleted, updated_at, email, enabled, password, roles, username) values (?, ?, ?, ?, ?, ?, ?, ?)
2026-03-04 15:48:11.448 TRACE 22912 --- [restartedMain] o.h.type.descriptor.sql.BasicBinder      : binding parameter [1] as [TIMESTAMP] - [2026-03-04T15:48:11.448734100]
2026-03-04 15:48:11.449 TRACE 22912 --- [restartedMain] o.h.type.descriptor.sql.BasicBinder      : binding parameter [2] as [BOOLEAN] - [false]
2026-03-04 15:48:11.449 TRACE 22912 --- [restartedMain] o.h.type.descriptor.sql.BasicBinder      : binding parameter [3] as [TIMESTAMP] - [2026-03-04T15:48:11.448734100]
2026-03-04 15:48:11.449 TRACE 22912 --- [restartedMain] o.h.type.descriptor.sql.BasicBinder      : binding parameter [4] as [VARCHAR] - [admin@elm.com]
2026-03-04 15:48:11.449 TRACE 22912 --- [restartedMain] o.h.type.descriptor.sql.BasicBinder      : binding parameter [5] as [BOOLEAN] - [true]
2026-03-04 15:48:11.449 TRACE 22912 --- [restartedMain] o.h.type.descriptor.sql.BasicBinder      : binding parameter [6] as [VARCHAR] - [$2a$10$JCnmGSQQBo9Cc128/BzAfuYZsPMXd5X5BShv4sqbmb6q58KCmF.rK]
2026-03-04 15:48:11.449 TRACE 22912 --- [restartedMain] o.h.type.descriptor.sql.BasicBinder      : binding parameter [7] as [VARCHAR] - [ADMIN,USER]
2026-03-04 15:48:11.449 TRACE 22912 --- [restartedMain] o.h.type.descriptor.sql.BasicBinder      : binding parameter [8] as [VARCHAR] - [superadmin]
2026-03-04 15:48:11.454  INFO 22912 --- [restartedMain] .ConditionEvaluationDeltaLoggingListener : Condition evaluation unchanged
2026-03-04 15:48:14.810  INFO 22912 --- [File Watcher] rtingClassPathChangeChangedEventListener : Restarting due to 1 class path change (0 additions, 0 deletions, 1 modification)
2026-03-04 15:48:14.858  INFO 22912 --- [Thread-15] o.apache.catalina.core.StandardService   : Stopping service [Tomcat]
2026-03-04 15:48:14.871  INFO 22912 --- [Thread-15] j.LocalContainerEntityManagerFactoryBean : Closing JPA EntityManagerFactory for persistence unit 'default'
2026-03-04 15:48:14.873  INFO 22912 --- [Thread-15] com.zaxxer.hikari.HikariDataSource       : HikariPool-4 - Shutdown initiated...
2026-03-04 15:48:14.878  INFO 22912 --- [Thread-15] com.zaxxer.hikari.HikariDataSource       : HikariPool-4 - Shutdown completed.
2026-03-04 15:48:14.992  INFO 22912 --- [restartedMain] c.e.e.ExpenseTrackerApiApplication       : Starting ExpenseTrackerApiApplication using Java 17.0.18 on testlap with PID 22912 (C:\Users\ahmad.alhukail\Documents\GitHub\Expense-Tracker-API\target\classes started by ahmad.alhukail in C:\Users\ahmad.alhukail\Documents\GitHub\Expense-Tracker-API)
2026-03-04 15:48:14.992  INFO 22912 --- [restartedMain] c.e.e.ExpenseTrackerApiApplication       : No active profile set, falling back to 1 default profile: "default"
2026-03-04 15:48:15.571  INFO 22912 --- [restartedMain] .s.d.r.c.RepositoryConfigurationDelegate : Bootstrapping Spring Data JPA repositories in DEFAULT mode.
2026-03-04 15:48:15.604  INFO 22912 --- [restartedMain] .s.d.r.c.RepositoryConfigurationDelegate : Finished Spring Data repository scanning in 33 ms. Found 3 JPA repository interfaces.
2026-03-04 15:48:15.839  INFO 22912 --- [restartedMain] o.s.b.w.embedded.tomcat.TomcatWebServer  : Tomcat initialized with port(s): 9000 (http)
2026-03-04 15:48:15.841  INFO 22912 --- [restartedMain] o.apache.catalina.core.StandardService   : Starting service [Tomcat]
2026-03-04 15:48:15.841  INFO 22912 --- [restartedMain] org.apache.catalina.core.StandardEngine  : Starting Servlet engine: [Apache Tomcat/9.0.83]
2026-03-04 15:48:15.864  INFO 22912 --- [restartedMain] o.a.c.c.C.[Tomcat].[localhost].[/]       : Initializing Spring embedded WebApplicationContext
2026-03-04 15:48:15.865  INFO 22912 --- [restartedMain] w.s.c.ServletWebServerApplicationContext : Root WebApplicationContext: initialization completed in 870 ms
2026-03-04 15:48:15.917  INFO 22912 --- [restartedMain] com.zaxxer.hikari.HikariDataSource       : HikariPool-5 - Starting...
2026-03-04 15:48:15.992  INFO 22912 --- [restartedMain] com.zaxxer.hikari.HikariDataSource       : HikariPool-5 - Start completed.
2026-03-04 15:48:15.993  INFO 22912 --- [restartedMain] o.s.b.a.h2.H2ConsoleAutoConfiguration    : H2 console available at '/h2-console'. Database available at 'jdbc:postgresql://localhost:5432/expense_tracker'
2026-03-04 15:48:16.156  INFO 22912 --- [restartedMain] o.hibernate.jpa.internal.util.LogHelper  : HHH000204: Processing PersistenceUnitInfo [name: default]
2026-03-04 15:48:16.161  INFO 22912 --- [restartedMain] org.hibernate.dialect.Dialect            : HHH000400: Using dialect: org.hibernate.dialect.PostgreSQLDialect
2026-03-04 15:48:16.236 DEBUG 22912 --- [restartedMain] org.hibernate.SQL                        : alter table expenses drop constraint FKg37g4b5wtu8ab4oq2rpmfagmg
2026-03-04 15:48:16.239 DEBUG 22912 --- [restartedMain] org.hibernate.SQL                        : alter table expenses drop constraint FKhpk0n2cbnfiuu5nrgl0ika3hq
2026-03-04 15:48:16.241 DEBUG 22912 --- [restartedMain] org.hibernate.SQL                        : drop table if exists category cascade
2026-03-04 15:48:16.248 DEBUG 22912 --- [restartedMain] org.hibernate.SQL                        : drop table if exists expenses cascade
2026-03-04 15:48:16.252 DEBUG 22912 --- [restartedMain] org.hibernate.SQL                        : drop table if exists users cascade
2026-03-04 15:48:16.266 DEBUG 22912 --- [restartedMain] org.hibernate.SQL                        : create table category (id  bigserial not null, created_at timestamp not null, deleted boolean, updated_at timestamp not null, description varchar(200), name varchar(50) not null, primary key (id))
2026-03-04 15:48:16.284 DEBUG 22912 --- [restartedMain] org.hibernate.SQL                        : create table expenses (id  bigserial not null, created_at timestamp not null, deleted boolean, updated_at timestamp not null, amount numeric(19, 2) not null, currency varchar(3) not null, description varchar(200), expense_date date not null, title varchar(100) not null, category_id int8 not null, user_id int8 not null, primary key (id))
2026-03-04 15:48:16.293 DEBUG 22912 --- [restartedMain] org.hibernate.SQL                        : create table users (id  bigserial not null, created_at timestamp not null, deleted boolean, updated_at timestamp not null, email varchar(100), enabled boolean not null, password varchar(255) not null, roles varchar(255) not null, username varchar(50) not null, primary key (id))
2026-03-04 15:48:16.301 DEBUG 22912 --- [restartedMain] org.hibernate.SQL                        : alter table category add constraint UK_46ccwnsi9409t36lurvtyljak unique (name)
2026-03-04 15:48:16.304 DEBUG 22912 --- [restartedMain] org.hibernate.SQL                        : alter table users add constraint UK_6dotkott2kjsp8vw4d0m25fb7 unique (email)
2026-03-04 15:48:16.307 DEBUG 22912 --- [restartedMain] org.hibernate.SQL                        : alter table users add constraint UK_r43af9ap4edm43mmtq01oddj6 unique (username)
2026-03-04 15:48:16.309 DEBUG 22912 --- [restartedMain] org.hibernate.SQL                        : alter table expenses add constraint FKg37g4b5wtu8ab4oq2rpmfagmg foreign key (category_id) references category
2026-03-04 15:48:16.314 DEBUG 22912 --- [restartedMain] org.hibernate.SQL                        : alter table expenses add constraint FKhpk0n2cbnfiuu5nrgl0ika3hq foreign key (user_id) references users
2026-03-04 15:48:16.318  INFO 22912 --- [restartedMain] o.h.e.t.j.p.i.JtaPlatformInitiator       : HHH000490: Using JtaPlatform implementation: [org.hibernate.engine.transaction.jta.platform.internal.NoJtaPlatform]
2026-03-04 15:48:16.319  INFO 22912 --- [restartedMain] j.LocalContainerEntityManagerFactoryBean : Initialized JPA EntityManagerFactory for persistence unit 'default'
2026-03-04 15:48:16.660  WARN 22912 --- [restartedMain] JpaBaseConfiguration$JpaWebConfiguration : spring.jpa.open-in-view is enabled by default. Therefore, database queries may be performed during view rendering. Explicitly configure spring.jpa.open-in-view to disable this warning
2026-03-04 15:48:16.920  INFO 22912 --- [restartedMain] o.s.b.d.a.OptionalLiveReloadServer       : LiveReload server is running on port 35729
2026-03-04 15:48:16.925  INFO 22912 --- [restartedMain] o.s.b.a.e.web.EndpointLinksResolver      : Exposing 3 endpoint(s) beneath base path '/actuator'
2026-03-04 15:48:16.949  INFO 22912 --- [restartedMain] o.s.b.w.embedded.tomcat.TomcatWebServer  : Tomcat started on port(s): 9000 (http) with context path ''
2026-03-04 15:48:16.959  INFO 22912 --- [restartedMain] c.e.e.ExpenseTrackerApiApplication       : Started ExpenseTrackerApiApplication in 2.005 seconds (JVM running for 533.192)
2026-03-04 15:48:16.963 DEBUG 22912 --- [restartedMain] org.hibernate.SQL                        : select count(*) as col_0_0_ from users user0_
2026-03-04 15:48:17.075 DEBUG 22912 --- [restartedMain] org.hibernate.SQL                        : insert into users (created_at, deleted, updated_at, email, enabled, password, roles, username) values (?, ?, ?, ?, ?, ?, ?, ?)
2026-03-04 15:48:17.075 TRACE 22912 --- [restartedMain] o.h.type.descriptor.sql.BasicBinder      : binding parameter [1] as [TIMESTAMP] - [2026-03-04T15:48:17.074539200]
2026-03-04 15:48:17.075 TRACE 22912 --- [restartedMain] o.h.type.descriptor.sql.BasicBinder      : binding parameter [2] as [BOOLEAN] - [false]
2026-03-04 15:48:17.075 TRACE 22912 --- [restartedMain] o.h.type.descriptor.sql.BasicBinder      : binding parameter [3] as [TIMESTAMP] - [2026-03-04T15:48:17.074539200]
2026-03-04 15:48:17.075 TRACE 22912 --- [restartedMain] o.h.type.descriptor.sql.BasicBinder      : binding parameter [4] as [VARCHAR] - [admin@elm.com]
2026-03-04 15:48:17.075 TRACE 22912 --- [restartedMain] o.h.type.descriptor.sql.BasicBinder      : binding parameter [5] as [BOOLEAN] - [true]
2026-03-04 15:48:17.075 TRACE 22912 --- [restartedMain] o.h.type.descriptor.sql.BasicBinder      : binding parameter [6] as [VARCHAR] - [$2a$10$iXMAq.Ywsvf9hfzkFFXwq.1a2l3rdqbrrghd9.Gtt9bFWOxqJQeGq]
2026-03-04 15:48:17.076 TRACE 22912 --- [restartedMain] o.h.type.descriptor.sql.BasicBinder      : binding parameter [7] as [VARCHAR] - [ADMIN,USER]
2026-03-04 15:48:17.076 TRACE 22912 --- [restartedMain] o.h.type.descriptor.sql.BasicBinder      : binding parameter [8] as [VARCHAR] - [superadmin]
2026-03-04 15:48:17.081  INFO 22912 --- [restartedMain] .ConditionEvaluationDeltaLoggingListener : Condition evaluation unchanged
2026-03-04 15:48:24.453  INFO 22912 --- [File Watcher] rtingClassPathChangeChangedEventListener : Restarting due to 1 class path change (0 additions, 0 deletions, 1 modification)
2026-03-04 15:48:24.476  INFO 22912 --- [Thread-19] o.apache.catalina.core.StandardService   : Stopping service [Tomcat]
2026-03-04 15:48:24.484  INFO 22912 --- [Thread-19] j.LocalContainerEntityManagerFactoryBean : Closing JPA EntityManagerFactory for persistence unit 'default'
2026-03-04 15:48:24.486  INFO 22912 --- [Thread-19] com.zaxxer.hikari.HikariDataSource       : HikariPool-5 - Shutdown initiated...
2026-03-04 15:48:24.491  INFO 22912 --- [Thread-19] com.zaxxer.hikari.HikariDataSource       : HikariPool-5 - Shutdown completed.
2026-03-04 15:48:24.629  INFO 22912 --- [restartedMain] c.e.e.ExpenseTrackerApiApplication       : Starting ExpenseTrackerApiApplication using Java 17.0.18 on testlap with PID 22912 (C:\Users\ahmad.alhukail\Documents\GitHub\Expense-Tracker-API\target\classes started by ahmad.alhukail in C:\Users\ahmad.alhukail\Documents\GitHub\Expense-Tracker-API)
2026-03-04 15:48:24.629  INFO 22912 --- [restartedMain] c.e.e.ExpenseTrackerApiApplication       : No active profile set, falling back to 1 default profile: "default"
2026-03-04 15:48:25.197  INFO 22912 --- [restartedMain] .s.d.r.c.RepositoryConfigurationDelegate : Bootstrapping Spring Data JPA repositories in DEFAULT mode.
2026-03-04 15:48:25.216  INFO 22912 --- [restartedMain] .s.d.r.c.RepositoryConfigurationDelegate : Finished Spring Data repository scanning in 19 ms. Found 3 JPA repository interfaces.
2026-03-04 15:48:25.333  INFO 22912 --- [restartedMain] o.s.b.w.embedded.tomcat.TomcatWebServer  : Tomcat initialized with port(s): 9000 (http)
2026-03-04 15:48:25.334  INFO 22912 --- [restartedMain] o.apache.catalina.core.StandardService   : Starting service [Tomcat]
2026-03-04 15:48:25.334  INFO 22912 --- [restartedMain] org.apache.catalina.core.StandardEngine  : Starting Servlet engine: [Apache Tomcat/9.0.83]
2026-03-04 15:48:25.350  INFO 22912 --- [restartedMain] o.a.c.c.C.[Tomcat].[localhost].[/]       : Initializing Spring embedded WebApplicationContext
2026-03-04 15:48:25.350  INFO 22912 --- [restartedMain] w.s.c.ServletWebServerApplicationContext : Root WebApplicationContext: initialization completed in 717 ms
2026-03-04 15:48:25.390  INFO 22912 --- [restartedMain] com.zaxxer.hikari.HikariDataSource       : HikariPool-6 - Starting...
2026-03-04 15:48:25.464  INFO 22912 --- [restartedMain] com.zaxxer.hikari.HikariDataSource       : HikariPool-6 - Start completed.
2026-03-04 15:48:25.464  INFO 22912 --- [restartedMain] o.s.b.a.h2.H2ConsoleAutoConfiguration    : H2 console available at '/h2-console'. Database available at 'jdbc:postgresql://localhost:5432/expense_tracker'
2026-03-04 15:48:25.595  INFO 22912 --- [restartedMain] o.hibernate.jpa.internal.util.LogHelper  : HHH000204: Processing PersistenceUnitInfo [name: default]
2026-03-04 15:48:25.605  INFO 22912 --- [restartedMain] org.hibernate.dialect.Dialect            : HHH000400: Using dialect: org.hibernate.dialect.PostgreSQLDialect
2026-03-04 15:48:25.680 DEBUG 22912 --- [restartedMain] org.hibernate.SQL                        : alter table expenses drop constraint FKg37g4b5wtu8ab4oq2rpmfagmg
2026-03-04 15:48:25.684 DEBUG 22912 --- [restartedMain] org.hibernate.SQL                        : alter table expenses drop constraint FKhpk0n2cbnfiuu5nrgl0ika3hq
2026-03-04 15:48:25.686 DEBUG 22912 --- [restartedMain] org.hibernate.SQL                        : drop table if exists category cascade
2026-03-04 15:48:25.693 DEBUG 22912 --- [restartedMain] org.hibernate.SQL                        : drop table if exists expenses cascade
2026-03-04 15:48:25.697 DEBUG 22912 --- [restartedMain] org.hibernate.SQL                        : drop table if exists users cascade
2026-03-04 15:48:25.706 DEBUG 22912 --- [restartedMain] org.hibernate.SQL                        : create table category (id  bigserial not null, created_at timestamp not null, deleted boolean, updated_at timestamp not null, description varchar(200), name varchar(50) not null, primary key (id))
2026-03-04 15:48:25.714 DEBUG 22912 --- [restartedMain] org.hibernate.SQL                        : create table expenses (id  bigserial not null, created_at timestamp not null, deleted boolean, updated_at timestamp not null, amount numeric(19, 2) not null, currency varchar(3) not null, description varchar(200), expense_date date not null, title varchar(100) not null, category_id int8 not null, user_id int8 not null, primary key (id))
2026-03-04 15:48:25.719 DEBUG 22912 --- [restartedMain] org.hibernate.SQL                        : create table users (id  bigserial not null, created_at timestamp not null, deleted boolean, updated_at timestamp not null, email varchar(100), enabled boolean not null, password varchar(255) not null, roles varchar(255) not null, username varchar(50) not null, primary key (id))
2026-03-04 15:48:25.725 DEBUG 22912 --- [restartedMain] org.hibernate.SQL                        : alter table category add constraint UK_46ccwnsi9409t36lurvtyljak unique (name)
2026-03-04 15:48:25.728 DEBUG 22912 --- [restartedMain] org.hibernate.SQL                        : alter table users add constraint UK_6dotkott2kjsp8vw4d0m25fb7 unique (email)
2026-03-04 15:48:25.730 DEBUG 22912 --- [restartedMain] org.hibernate.SQL                        : alter table users add constraint UK_r43af9ap4edm43mmtq01oddj6 unique (username)
2026-03-04 15:48:25.733 DEBUG 22912 --- [restartedMain] org.hibernate.SQL                        : alter table expenses add constraint FKg37g4b5wtu8ab4oq2rpmfagmg foreign key (category_id) references category
2026-03-04 15:48:25.738 DEBUG 22912 --- [restartedMain] org.hibernate.SQL                        : alter table expenses add constraint FKhpk0n2cbnfiuu5nrgl0ika3hq foreign key (user_id) references users
2026-03-04 15:48:25.743  INFO 22912 --- [restartedMain] o.h.e.t.j.p.i.JtaPlatformInitiator       : HHH000490: Using JtaPlatform implementation: [org.hibernate.engine.transaction.jta.platform.internal.NoJtaPlatform]
2026-03-04 15:48:25.743  INFO 22912 --- [restartedMain] j.LocalContainerEntityManagerFactoryBean : Initialized JPA EntityManagerFactory for persistence unit 'default'
2026-03-04 15:48:26.013  WARN 22912 --- [restartedMain] JpaBaseConfiguration$JpaWebConfiguration : spring.jpa.open-in-view is enabled by default. Therefore, database queries may be performed during view rendering. Explicitly configure spring.jpa.open-in-view to disable this warning
2026-03-04 15:48:26.260  INFO 22912 --- [restartedMain] o.s.b.d.a.OptionalLiveReloadServer       : LiveReload server is running on port 35729
2026-03-04 15:48:26.268  INFO 22912 --- [restartedMain] o.s.b.a.e.web.EndpointLinksResolver      : Exposing 3 endpoint(s) beneath base path '/actuator'
2026-03-04 15:48:26.305  INFO 22912 --- [restartedMain] o.s.b.w.embedded.tomcat.TomcatWebServer  : Tomcat started on port(s): 9000 (http) with context path ''
2026-03-04 15:48:26.316  INFO 22912 --- [restartedMain] c.e.e.ExpenseTrackerApiApplication       : Started ExpenseTrackerApiApplication in 1.734 seconds (JVM running for 542.549)
2026-03-04 15:48:26.322 DEBUG 22912 --- [restartedMain] org.hibernate.SQL                        : select count(*) as col_0_0_ from users user0_
2026-03-04 15:48:26.442 DEBUG 22912 --- [restartedMain] org.hibernate.SQL                        : insert into users (created_at, deleted, updated_at, email, enabled, password, roles, username) values (?, ?, ?, ?, ?, ?, ?, ?)
2026-03-04 15:48:26.442 TRACE 22912 --- [restartedMain] o.h.type.descriptor.sql.BasicBinder      : binding parameter [1] as [TIMESTAMP] - [2026-03-04T15:48:26.442300500]
2026-03-04 15:48:26.443 TRACE 22912 --- [restartedMain] o.h.type.descriptor.sql.BasicBinder      : binding parameter [2] as [BOOLEAN] - [false]
2026-03-04 15:48:26.443 TRACE 22912 --- [restartedMain] o.h.type.descriptor.sql.BasicBinder      : binding parameter [3] as [TIMESTAMP] - [2026-03-04T15:48:26.442300500]
2026-03-04 15:48:26.443 TRACE 22912 --- [restartedMain] o.h.type.descriptor.sql.BasicBinder      : binding parameter [4] as [VARCHAR] - [admin@elm.com]
2026-03-04 15:48:26.443 TRACE 22912 --- [restartedMain] o.h.type.descriptor.sql.BasicBinder      : binding parameter [5] as [BOOLEAN] - [true]
2026-03-04 15:48:26.443 TRACE 22912 --- [restartedMain] o.h.type.descriptor.sql.BasicBinder      : binding parameter [6] as [VARCHAR] - [$2a$10$VdrosxrjJ.hhRW6dMXgZRe4s3274n7aLHtPSEd.Ca8gQZjhCXK5mm]
2026-03-04 15:48:26.443 TRACE 22912 --- [restartedMain] o.h.type.descriptor.sql.BasicBinder      : binding parameter [7] as [VARCHAR] - [ADMIN,USER]
2026-03-04 15:48:26.443 TRACE 22912 --- [restartedMain] o.h.type.descriptor.sql.BasicBinder      : binding parameter [8] as [VARCHAR] - [superadmin]
2026-03-04 15:48:26.448  INFO 22912 --- [restartedMain] .ConditionEvaluationDeltaLoggingListener : Condition evaluation unchanged
2026-03-04 15:48:35.269  INFO 22912 --- [File Watcher] rtingClassPathChangeChangedEventListener : Restarting due to 1 class path change (0 additions, 0 deletions, 1 modification)
2026-03-04 15:48:35.285  INFO 22912 --- [Thread-23] o.apache.catalina.core.StandardService   : Stopping service [Tomcat]
2026-03-04 15:48:35.294  INFO 22912 --- [Thread-23] j.LocalContainerEntityManagerFactoryBean : Closing JPA EntityManagerFactory for persistence unit 'default'
2026-03-04 15:48:35.296  INFO 22912 --- [Thread-23] com.zaxxer.hikari.HikariDataSource       : HikariPool-6 - Shutdown initiated...
2026-03-04 15:48:35.300  INFO 22912 --- [Thread-23] com.zaxxer.hikari.HikariDataSource       : HikariPool-6 - Shutdown completed.
2026-03-04 15:48:35.429  INFO 22912 --- [restartedMain] c.e.e.ExpenseTrackerApiApplication       : Starting ExpenseTrackerApiApplication using Java 17.0.18 on testlap with PID 22912 (C:\Users\ahmad.alhukail\Documents\GitHub\Expense-Tracker-API\target\classes started by ahmad.alhukail in C:\Users\ahmad.alhukail\Documents\GitHub\Expense-Tracker-API)
2026-03-04 15:48:35.430  INFO 22912 --- [restartedMain] c.e.e.ExpenseTrackerApiApplication       : No active profile set, falling back to 1 default profile: "default"
2026-03-04 15:48:36.054  INFO 22912 --- [restartedMain] .s.d.r.c.RepositoryConfigurationDelegate : Bootstrapping Spring Data JPA repositories in DEFAULT mode.
2026-03-04 15:48:36.080  INFO 22912 --- [restartedMain] .s.d.r.c.RepositoryConfigurationDelegate : Finished Spring Data repository scanning in 26 ms. Found 3 JPA repository interfaces.
2026-03-04 15:48:36.291  INFO 22912 --- [restartedMain] o.s.b.w.embedded.tomcat.TomcatWebServer  : Tomcat initialized with port(s): 9000 (http)
2026-03-04 15:48:36.292  INFO 22912 --- [restartedMain] o.apache.catalina.core.StandardService   : Starting service [Tomcat]
2026-03-04 15:48:36.292  INFO 22912 --- [restartedMain] org.apache.catalina.core.StandardEngine  : Starting Servlet engine: [Apache Tomcat/9.0.83]
2026-03-04 15:48:36.309  INFO 22912 --- [restartedMain] o.a.c.c.C.[Tomcat].[localhost].[/]       : Initializing Spring embedded WebApplicationContext
2026-03-04 15:48:36.309  INFO 22912 --- [restartedMain] w.s.c.ServletWebServerApplicationContext : Root WebApplicationContext: initialization completed in 874 ms
2026-03-04 15:48:36.350  INFO 22912 --- [restartedMain] com.zaxxer.hikari.HikariDataSource       : HikariPool-7 - Starting...
2026-03-04 15:48:36.402  INFO 22912 --- [restartedMain] com.zaxxer.hikari.HikariDataSource       : HikariPool-7 - Start completed.
2026-03-04 15:48:36.402  INFO 22912 --- [restartedMain] o.s.b.a.h2.H2ConsoleAutoConfiguration    : H2 console available at '/h2-console'. Database available at 'jdbc:postgresql://localhost:5432/expense_tracker'
2026-03-04 15:48:36.476  INFO 22912 --- [restartedMain] o.hibernate.jpa.internal.util.LogHelper  : HHH000204: Processing PersistenceUnitInfo [name: default]
2026-03-04 15:48:36.480  INFO 22912 --- [restartedMain] org.hibernate.dialect.Dialect            : HHH000400: Using dialect: org.hibernate.dialect.PostgreSQLDialect
2026-03-04 15:48:36.544 DEBUG 22912 --- [restartedMain] org.hibernate.SQL                        : alter table expenses drop constraint FKg37g4b5wtu8ab4oq2rpmfagmg
2026-03-04 15:48:36.547 DEBUG 22912 --- [restartedMain] org.hibernate.SQL                        : alter table expenses drop constraint FKhpk0n2cbnfiuu5nrgl0ika3hq
2026-03-04 15:48:36.549 DEBUG 22912 --- [restartedMain] org.hibernate.SQL                        : drop table if exists category cascade
2026-03-04 15:48:36.556 DEBUG 22912 --- [restartedMain] org.hibernate.SQL                        : drop table if exists expenses cascade
2026-03-04 15:48:36.560 DEBUG 22912 --- [restartedMain] org.hibernate.SQL                        : drop table if exists users cascade
2026-03-04 15:48:36.567 DEBUG 22912 --- [restartedMain] org.hibernate.SQL                        : create table category (id  bigserial not null, created_at timestamp not null, deleted boolean, updated_at timestamp not null, description varchar(200), name varchar(50) not null, primary key (id))
2026-03-04 15:48:36.580 DEBUG 22912 --- [restartedMain] org.hibernate.SQL                        : create table expenses (id  bigserial not null, created_at timestamp not null, deleted boolean, updated_at timestamp not null, amount numeric(19, 2) not null, currency varchar(3) not null, description varchar(200), expense_date date not null, title varchar(100) not null, category_id int8 not null, user_id int8 not null, primary key (id))
2026-03-04 15:48:36.586 DEBUG 22912 --- [restartedMain] org.hibernate.SQL                        : create table users (id  bigserial not null, created_at timestamp not null, deleted boolean, updated_at timestamp not null, email varchar(100), enabled boolean not null, password varchar(255) not null, roles varchar(255) not null, username varchar(50) not null, primary key (id))
2026-03-04 15:48:36.596 DEBUG 22912 --- [restartedMain] org.hibernate.SQL                        : alter table category add constraint UK_46ccwnsi9409t36lurvtyljak unique (name)
2026-03-04 15:48:36.598 DEBUG 22912 --- [restartedMain] org.hibernate.SQL                        : alter table users add constraint UK_6dotkott2kjsp8vw4d0m25fb7 unique (email)
2026-03-04 15:48:36.601 DEBUG 22912 --- [restartedMain] org.hibernate.SQL                        : alter table users add constraint UK_r43af9ap4edm43mmtq01oddj6 unique (username)
2026-03-04 15:48:36.603 DEBUG 22912 --- [restartedMain] org.hibernate.SQL                        : alter table expenses add constraint FKg37g4b5wtu8ab4oq2rpmfagmg foreign key (category_id) references category
2026-03-04 15:48:36.608 DEBUG 22912 --- [restartedMain] org.hibernate.SQL                        : alter table expenses add constraint FKhpk0n2cbnfiuu5nrgl0ika3hq foreign key (user_id) references users
2026-03-04 15:48:36.611  INFO 22912 --- [restartedMain] o.h.e.t.j.p.i.JtaPlatformInitiator       : HHH000490: Using JtaPlatform implementation: [org.hibernate.engine.transaction.jta.platform.internal.NoJtaPlatform]
2026-03-04 15:48:36.611  INFO 22912 --- [restartedMain] j.LocalContainerEntityManagerFactoryBean : Initialized JPA EntityManagerFactory for persistence unit 'default'
2026-03-04 15:48:36.860  WARN 22912 --- [restartedMain] JpaBaseConfiguration$JpaWebConfiguration : spring.jpa.open-in-view is enabled by default. Therefore, database queries may be performed during view rendering. Explicitly configure spring.jpa.open-in-view to disable this warning
2026-03-04 15:48:37.074  INFO 22912 --- [restartedMain] o.s.b.d.a.OptionalLiveReloadServer       : LiveReload server is running on port 35729
2026-03-04 15:48:37.086  INFO 22912 --- [restartedMain] o.s.b.a.e.web.EndpointLinksResolver      : Exposing 3 endpoint(s) beneath base path '/actuator'
2026-03-04 15:48:37.122  INFO 22912 --- [restartedMain] o.s.b.w.embedded.tomcat.TomcatWebServer  : Tomcat started on port(s): 9000 (http) with context path ''
2026-03-04 15:48:37.131  INFO 22912 --- [restartedMain] c.e.e.ExpenseTrackerApiApplication       : Started ExpenseTrackerApiApplication in 1.748 seconds (JVM running for 553.365)
2026-03-04 15:48:37.135 DEBUG 22912 --- [restartedMain] org.hibernate.SQL                        : select count(*) as col_0_0_ from users user0_
2026-03-04 15:48:37.236 DEBUG 22912 --- [restartedMain] org.hibernate.SQL                        : insert into users (created_at, deleted, updated_at, email, enabled, password, roles, username) values (?, ?, ?, ?, ?, ?, ?, ?)
2026-03-04 15:48:37.236 TRACE 22912 --- [restartedMain] o.h.type.descriptor.sql.BasicBinder      : binding parameter [1] as [TIMESTAMP] - [2026-03-04T15:48:37.236948700]
2026-03-04 15:48:37.236 TRACE 22912 --- [restartedMain] o.h.type.descriptor.sql.BasicBinder      : binding parameter [2] as [BOOLEAN] - [false]
2026-03-04 15:48:37.237 TRACE 22912 --- [restartedMain] o.h.type.descriptor.sql.BasicBinder      : binding parameter [3] as [TIMESTAMP] - [2026-03-04T15:48:37.236948700]
2026-03-04 15:48:37.237 TRACE 22912 --- [restartedMain] o.h.type.descriptor.sql.BasicBinder      : binding parameter [4] as [VARCHAR] - [admin@elm.com]
2026-03-04 15:48:37.237 TRACE 22912 --- [restartedMain] o.h.type.descriptor.sql.BasicBinder      : binding parameter [5] as [BOOLEAN] - [true]
2026-03-04 15:48:37.237 TRACE 22912 --- [restartedMain] o.h.type.descriptor.sql.BasicBinder      : binding parameter [6] as [VARCHAR] - [$2a$10$CLVAMIiW/PxD2gmm4KAzGOm9wl2AFqAmhxJ4fhEUxAnVsurAYFbM6]
2026-03-04 15:48:37.237 TRACE 22912 --- [restartedMain] o.h.type.descriptor.sql.BasicBinder      : binding parameter [7] as [VARCHAR] - [ADMIN,USER]
2026-03-04 15:48:37.237 TRACE 22912 --- [restartedMain] o.h.type.descriptor.sql.BasicBinder      : binding parameter [8] as [VARCHAR] - [superadmin]
2026-03-04 15:48:37.241  INFO 22912 --- [restartedMain] .ConditionEvaluationDeltaLoggingListener : Condition evaluation unchanged
2026-03-04 15:48:41.593  INFO 22912 --- [File Watcher] rtingClassPathChangeChangedEventListener : Restarting due to 1 class path change (0 additions, 0 deletions, 1 modification)
2026-03-04 15:48:41.607  INFO 22912 --- [Thread-27] o.apache.catalina.core.StandardService   : Stopping service [Tomcat]
2026-03-04 15:48:41.614  INFO 22912 --- [Thread-27] j.LocalContainerEntityManagerFactoryBean : Closing JPA EntityManagerFactory for persistence unit 'default'
2026-03-04 15:48:41.617  INFO 22912 --- [Thread-27] com.zaxxer.hikari.HikariDataSource       : HikariPool-7 - Shutdown initiated...
2026-03-04 15:48:41.620  INFO 22912 --- [Thread-27] com.zaxxer.hikari.HikariDataSource       : HikariPool-7 - Shutdown completed.
2026-03-04 15:48:41.731  INFO 22912 --- [restartedMain] c.e.e.ExpenseTrackerApiApplication       : Starting ExpenseTrackerApiApplication using Java 17.0.18 on testlap with PID 22912 (C:\Users\ahmad.alhukail\Documents\GitHub\Expense-Tracker-API\target\classes started by ahmad.alhukail in C:\Users\ahmad.alhukail\Documents\GitHub\Expense-Tracker-API)
2026-03-04 15:48:41.731  INFO 22912 --- [restartedMain] c.e.e.ExpenseTrackerApiApplication       : No active profile set, falling back to 1 default profile: "default"
2026-03-04 15:48:42.214  INFO 22912 --- [restartedMain] .s.d.r.c.RepositoryConfigurationDelegate : Bootstrapping Spring Data JPA repositories in DEFAULT mode.
2026-03-04 15:48:42.232  INFO 22912 --- [restartedMain] .s.d.r.c.RepositoryConfigurationDelegate : Finished Spring Data repository scanning in 17 ms. Found 3 JPA repository interfaces.
2026-03-04 15:48:42.384  INFO 22912 --- [restartedMain] o.s.b.w.embedded.tomcat.TomcatWebServer  : Tomcat initialized with port(s): 9000 (http)
2026-03-04 15:48:42.385  INFO 22912 --- [restartedMain] o.apache.catalina.core.StandardService   : Starting service [Tomcat]
2026-03-04 15:48:42.385  INFO 22912 --- [restartedMain] org.apache.catalina.core.StandardEngine  : Starting Servlet engine: [Apache Tomcat/9.0.83]
2026-03-04 15:48:42.404  INFO 22912 --- [restartedMain] o.a.c.c.C.[Tomcat].[localhost].[/]       : Initializing Spring embedded WebApplicationContext
2026-03-04 15:48:42.404  INFO 22912 --- [restartedMain] w.s.c.ServletWebServerApplicationContext : Root WebApplicationContext: initialization completed in 669 ms
2026-03-04 15:48:42.442  INFO 22912 --- [restartedMain] com.zaxxer.hikari.HikariDataSource       : HikariPool-8 - Starting...
2026-03-04 15:48:42.604  INFO 22912 --- [restartedMain] com.zaxxer.hikari.HikariDataSource       : HikariPool-8 - Start completed.
2026-03-04 15:48:42.604  INFO 22912 --- [restartedMain] o.s.b.a.h2.H2ConsoleAutoConfiguration    : H2 console available at '/h2-console'. Database available at 'jdbc:postgresql://localhost:5432/expense_tracker'
2026-03-04 15:48:42.686  INFO 22912 --- [restartedMain] o.hibernate.jpa.internal.util.LogHelper  : HHH000204: Processing PersistenceUnitInfo [name: default]
2026-03-04 15:48:42.690  INFO 22912 --- [restartedMain] org.hibernate.dialect.Dialect            : HHH000400: Using dialect: org.hibernate.dialect.PostgreSQLDialect
2026-03-04 15:48:42.755 DEBUG 22912 --- [restartedMain] org.hibernate.SQL                        : alter table expenses drop constraint FKg37g4b5wtu8ab4oq2rpmfagmg
2026-03-04 15:48:42.758 DEBUG 22912 --- [restartedMain] org.hibernate.SQL                        : alter table expenses drop constraint FKhpk0n2cbnfiuu5nrgl0ika3hq
2026-03-04 15:48:42.760 DEBUG 22912 --- [restartedMain] org.hibernate.SQL                        : drop table if exists category cascade
2026-03-04 15:48:42.766 DEBUG 22912 --- [restartedMain] org.hibernate.SQL                        : drop table if exists expenses cascade
2026-03-04 15:48:42.772 DEBUG 22912 --- [restartedMain] org.hibernate.SQL                        : drop table if exists users cascade
2026-03-04 15:48:42.784 DEBUG 22912 --- [restartedMain] org.hibernate.SQL                        : create table category (id  bigserial not null, created_at timestamp not null, deleted boolean, updated_at timestamp not null, description varchar(200), name varchar(50) not null, primary key (id))
2026-03-04 15:48:42.794 DEBUG 22912 --- [restartedMain] org.hibernate.SQL                        : create table expenses (id  bigserial not null, created_at timestamp not null, deleted boolean, updated_at timestamp not null, amount numeric(19, 2) not null, currency varchar(3) not null, description varchar(200), expense_date date not null, title varchar(100) not null, category_id int8 not null, user_id int8 not null, primary key (id))
2026-03-04 15:48:42.799 DEBUG 22912 --- [restartedMain] org.hibernate.SQL                        : create table users (id  bigserial not null, created_at timestamp not null, deleted boolean, updated_at timestamp not null, email varchar(100), enabled boolean not null, password varchar(255) not null, roles varchar(255) not null, username varchar(50) not null, primary key (id))
2026-03-04 15:48:42.805 DEBUG 22912 --- [restartedMain] org.hibernate.SQL                        : alter table category add constraint UK_46ccwnsi9409t36lurvtyljak unique (name)
2026-03-04 15:48:42.808 DEBUG 22912 --- [restartedMain] org.hibernate.SQL                        : alter table users add constraint UK_6dotkott2kjsp8vw4d0m25fb7 unique (email)
2026-03-04 15:48:42.810 DEBUG 22912 --- [restartedMain] org.hibernate.SQL                        : alter table users add constraint UK_r43af9ap4edm43mmtq01oddj6 unique (username)
2026-03-04 15:48:42.812 DEBUG 22912 --- [restartedMain] org.hibernate.SQL                        : alter table expenses add constraint FKg37g4b5wtu8ab4oq2rpmfagmg foreign key (category_id) references category
2026-03-04 15:48:42.817 DEBUG 22912 --- [restartedMain] org.hibernate.SQL                        : alter table expenses add constraint FKhpk0n2cbnfiuu5nrgl0ika3hq foreign key (user_id) references users
2026-03-04 15:48:42.821  INFO 22912 --- [restartedMain] o.h.e.t.j.p.i.JtaPlatformInitiator       : HHH000490: Using JtaPlatform implementation: [org.hibernate.engine.transaction.jta.platform.internal.NoJtaPlatform]
2026-03-04 15:48:42.821  INFO 22912 --- [restartedMain] j.LocalContainerEntityManagerFactoryBean : Initialized JPA EntityManagerFactory for persistence unit 'default'
2026-03-04 15:48:43.095  WARN 22912 --- [restartedMain] JpaBaseConfiguration$JpaWebConfiguration : spring.jpa.open-in-view is enabled by default. Therefore, database queries may be performed during view rendering. Explicitly configure spring.jpa.open-in-view to disable this warning
2026-03-04 15:48:43.334  INFO 22912 --- [restartedMain] o.s.b.d.a.OptionalLiveReloadServer       : LiveReload server is running on port 35729
2026-03-04 15:48:43.339  INFO 22912 --- [restartedMain] o.s.b.a.e.web.EndpointLinksResolver      : Exposing 3 endpoint(s) beneath base path '/actuator'
2026-03-04 15:48:43.367  INFO 22912 --- [restartedMain] o.s.b.w.embedded.tomcat.TomcatWebServer  : Tomcat started on port(s): 9000 (http) with context path ''
2026-03-04 15:48:43.377  INFO 22912 --- [restartedMain] c.e.e.ExpenseTrackerApiApplication       : Started ExpenseTrackerApiApplication in 1.682 seconds (JVM running for 559.61)
2026-03-04 15:48:43.381 DEBUG 22912 --- [restartedMain] org.hibernate.SQL                        : select count(*) as col_0_0_ from users user0_
2026-03-04 15:48:43.546 DEBUG 22912 --- [restartedMain] org.hibernate.SQL                        : insert into users (created_at, deleted, updated_at, email, enabled, password, roles, username) values (?, ?, ?, ?, ?, ?, ?, ?)
2026-03-04 15:48:43.547 TRACE 22912 --- [restartedMain] o.h.type.descriptor.sql.BasicBinder      : binding parameter [1] as [TIMESTAMP] - [2026-03-04T15:48:43.545815200]
2026-03-04 15:48:43.547 TRACE 22912 --- [restartedMain] o.h.type.descriptor.sql.BasicBinder      : binding parameter [2] as [BOOLEAN] - [false]
2026-03-04 15:48:43.547 TRACE 22912 --- [restartedMain] o.h.type.descriptor.sql.BasicBinder      : binding parameter [3] as [TIMESTAMP] - [2026-03-04T15:48:43.546817400]
2026-03-04 15:48:43.547 TRACE 22912 --- [restartedMain] o.h.type.descriptor.sql.BasicBinder      : binding parameter [4] as [VARCHAR] - [admin@elm.com]
2026-03-04 15:48:43.547 TRACE 22912 --- [restartedMain] o.h.type.descriptor.sql.BasicBinder      : binding parameter [5] as [BOOLEAN] - [true]
2026-03-04 15:48:43.547 TRACE 22912 --- [restartedMain] o.h.type.descriptor.sql.BasicBinder      : binding parameter [6] as [VARCHAR] - [$2a$10$HR7HwbAn7oT/WoVwar0UP.hvwKdVtYFAHPQZAd2DalidUtJMBIFdK]
2026-03-04 15:48:43.547 TRACE 22912 --- [restartedMain] o.h.type.descriptor.sql.BasicBinder      : binding parameter [7] as [VARCHAR] - [ADMIN,USER]
2026-03-04 15:48:43.547 TRACE 22912 --- [restartedMain] o.h.type.descriptor.sql.BasicBinder      : binding parameter [8] as [VARCHAR] - [superadmin]
2026-03-04 15:48:43.556  INFO 22912 --- [restartedMain] .ConditionEvaluationDeltaLoggingListener : Condition evaluation unchanged
2026-03-04 15:48:47.815  INFO 22912 --- [File Watcher] rtingClassPathChangeChangedEventListener : Restarting due to 1 class path change (0 additions, 0 deletions, 1 modification)
2026-03-04 15:48:47.831  INFO 22912 --- [Thread-31] o.apache.catalina.core.StandardService   : Stopping service [Tomcat]
2026-03-04 15:48:47.837  INFO 22912 --- [Thread-31] j.LocalContainerEntityManagerFactoryBean : Closing JPA EntityManagerFactory for persistence unit 'default'
2026-03-04 15:48:47.839  INFO 22912 --- [Thread-31] com.zaxxer.hikari.HikariDataSource       : HikariPool-8 - Shutdown initiated...
2026-03-04 15:48:47.841  INFO 22912 --- [Thread-31] com.zaxxer.hikari.HikariDataSource       : HikariPool-8 - Shutdown completed.
2026-03-04 15:48:47.936  INFO 22912 --- [restartedMain] c.e.e.ExpenseTrackerApiApplication       : Starting ExpenseTrackerApiApplication using Java 17.0.18 on testlap with PID 22912 (C:\Users\ahmad.alhukail\Documents\GitHub\Expense-Tracker-API\target\classes started by ahmad.alhukail in C:\Users\ahmad.alhukail\Documents\GitHub\Expense-Tracker-API)
2026-03-04 15:48:47.936  INFO 22912 --- [restartedMain] c.e.e.ExpenseTrackerApiApplication       : No active profile set, falling back to 1 default profile: "default"
2026-03-04 15:48:48.463  INFO 22912 --- [restartedMain] .s.d.r.c.RepositoryConfigurationDelegate : Bootstrapping Spring Data JPA repositories in DEFAULT mode.
2026-03-04 15:48:48.488  INFO 22912 --- [restartedMain] .s.d.r.c.RepositoryConfigurationDelegate : Finished Spring Data repository scanning in 24 ms. Found 3 JPA repository interfaces.
2026-03-04 15:48:48.696  INFO 22912 --- [restartedMain] o.s.b.w.embedded.tomcat.TomcatWebServer  : Tomcat initialized with port(s): 9000 (http)
2026-03-04 15:48:48.698  INFO 22912 --- [restartedMain] o.apache.catalina.core.StandardService   : Starting service [Tomcat]
2026-03-04 15:48:48.698  INFO 22912 --- [restartedMain] org.apache.catalina.core.StandardEngine  : Starting Servlet engine: [Apache Tomcat/9.0.83]
2026-03-04 15:48:48.724  INFO 22912 --- [restartedMain] o.a.c.c.C.[Tomcat].[localhost].[/]       : Initializing Spring embedded WebApplicationContext
2026-03-04 15:48:48.724  INFO 22912 --- [restartedMain] w.s.c.ServletWebServerApplicationContext : Root WebApplicationContext: initialization completed in 785 ms
2026-03-04 15:48:48.770  INFO 22912 --- [restartedMain] com.zaxxer.hikari.HikariDataSource       : HikariPool-9 - Starting...
2026-03-04 15:48:48.834  INFO 22912 --- [restartedMain] com.zaxxer.hikari.HikariDataSource       : HikariPool-9 - Start completed.
2026-03-04 15:48:48.835  INFO 22912 --- [restartedMain] o.s.b.a.h2.H2ConsoleAutoConfiguration    : H2 console available at '/h2-console'. Database available at 'jdbc:postgresql://localhost:5432/expense_tracker'
2026-03-04 15:48:48.988  INFO 22912 --- [restartedMain] o.hibernate.jpa.internal.util.LogHelper  : HHH000204: Processing PersistenceUnitInfo [name: default]
2026-03-04 15:48:48.998  INFO 22912 --- [restartedMain] org.hibernate.dialect.Dialect            : HHH000400: Using dialect: org.hibernate.dialect.PostgreSQLDialect
2026-03-04 15:48:49.060 DEBUG 22912 --- [restartedMain] org.hibernate.SQL                        : alter table expenses drop constraint FKg37g4b5wtu8ab4oq2rpmfagmg
2026-03-04 15:48:49.064 DEBUG 22912 --- [restartedMain] org.hibernate.SQL                        : alter table expenses drop constraint FKhpk0n2cbnfiuu5nrgl0ika3hq
2026-03-04 15:48:49.066 DEBUG 22912 --- [restartedMain] org.hibernate.SQL                        : drop table if exists category cascade
2026-03-04 15:48:49.072 DEBUG 22912 --- [restartedMain] org.hibernate.SQL                        : drop table if exists expenses cascade
2026-03-04 15:48:49.076 DEBUG 22912 --- [restartedMain] org.hibernate.SQL                        : drop table if exists users cascade
2026-03-04 15:48:49.084 DEBUG 22912 --- [restartedMain] org.hibernate.SQL                        : create table category (id  bigserial not null, created_at timestamp not null, deleted boolean, updated_at timestamp not null, description varchar(200), name varchar(50) not null, primary key (id))
2026-03-04 15:48:49.095 DEBUG 22912 --- [restartedMain] org.hibernate.SQL                        : create table expenses (id  bigserial not null, created_at timestamp not null, deleted boolean, updated_at timestamp not null, amount numeric(19, 2) not null, currency varchar(3) not null, description varchar(200), expense_date date not null, title varchar(100) not null, category_id int8 not null, user_id int8 not null, primary key (id))
2026-03-04 15:48:49.100 DEBUG 22912 --- [restartedMain] org.hibernate.SQL                        : create table users (id  bigserial not null, created_at timestamp not null, deleted boolean, updated_at timestamp not null, email varchar(100), enabled boolean not null, password varchar(255) not null, roles varchar(255) not null, username varchar(50) not null, primary key (id))
2026-03-04 15:48:49.109 DEBUG 22912 --- [restartedMain] org.hibernate.SQL                        : alter table category add constraint UK_46ccwnsi9409t36lurvtyljak unique (name)
2026-03-04 15:48:49.112 DEBUG 22912 --- [restartedMain] org.hibernate.SQL                        : alter table users add constraint UK_6dotkott2kjsp8vw4d0m25fb7 unique (email)
2026-03-04 15:48:49.116 DEBUG 22912 --- [restartedMain] org.hibernate.SQL                        : alter table users add constraint UK_r43af9ap4edm43mmtq01oddj6 unique (username)
2026-03-04 15:48:49.119 DEBUG 22912 --- [restartedMain] org.hibernate.SQL                        : alter table expenses add constraint FKg37g4b5wtu8ab4oq2rpmfagmg foreign key (category_id) references category
2026-03-04 15:48:49.124 DEBUG 22912 --- [restartedMain] org.hibernate.SQL                        : alter table expenses add constraint FKhpk0n2cbnfiuu5nrgl0ika3hq foreign key (user_id) references users
2026-03-04 15:48:49.130  INFO 22912 --- [restartedMain] o.h.e.t.j.p.i.JtaPlatformInitiator       : HHH000490: Using JtaPlatform implementation: [org.hibernate.engine.transaction.jta.platform.internal.NoJtaPlatform]
2026-03-04 15:48:49.130  INFO 22912 --- [restartedMain] j.LocalContainerEntityManagerFactoryBean : Initialized JPA EntityManagerFactory for persistence unit 'default'
2026-03-04 15:48:49.374  WARN 22912 --- [restartedMain] JpaBaseConfiguration$JpaWebConfiguration : spring.jpa.open-in-view is enabled by default. Therefore, database queries may be performed during view rendering. Explicitly configure spring.jpa.open-in-view to disable this warning
2026-03-04 15:48:49.626  INFO 22912 --- [restartedMain] o.s.b.d.a.OptionalLiveReloadServer       : LiveReload server is running on port 35729
2026-03-04 15:48:49.631  INFO 22912 --- [restartedMain] o.s.b.a.e.web.EndpointLinksResolver      : Exposing 3 endpoint(s) beneath base path '/actuator'
2026-03-04 15:48:49.661  INFO 22912 --- [restartedMain] o.s.b.w.embedded.tomcat.TomcatWebServer  : Tomcat started on port(s): 9000 (http) with context path ''
2026-03-04 15:48:49.672  INFO 22912 --- [restartedMain] c.e.e.ExpenseTrackerApiApplication       : Started ExpenseTrackerApiApplication in 1.764 seconds (JVM running for 565.905)
2026-03-04 15:48:49.675 DEBUG 22912 --- [restartedMain] org.hibernate.SQL                        : select count(*) as col_0_0_ from users user0_
2026-03-04 15:48:49.785 DEBUG 22912 --- [restartedMain] org.hibernate.SQL                        : insert into users (created_at, deleted, updated_at, email, enabled, password, roles, username) values (?, ?, ?, ?, ?, ?, ?, ?)
2026-03-04 15:48:49.785 TRACE 22912 --- [restartedMain] o.h.type.descriptor.sql.BasicBinder      : binding parameter [1] as [TIMESTAMP] - [2026-03-04T15:48:49.785265400]
2026-03-04 15:48:49.785 TRACE 22912 --- [restartedMain] o.h.type.descriptor.sql.BasicBinder      : binding parameter [2] as [BOOLEAN] - [false]
2026-03-04 15:48:49.785 TRACE 22912 --- [restartedMain] o.h.type.descriptor.sql.BasicBinder      : binding parameter [3] as [TIMESTAMP] - [2026-03-04T15:48:49.785265400]
2026-03-04 15:48:49.785 TRACE 22912 --- [restartedMain] o.h.type.descriptor.sql.BasicBinder      : binding parameter [4] as [VARCHAR] - [admin@elm.com]
2026-03-04 15:48:49.786 TRACE 22912 --- [restartedMain] o.h.type.descriptor.sql.BasicBinder      : binding parameter [5] as [BOOLEAN] - [true]
2026-03-04 15:48:49.786 TRACE 22912 --- [restartedMain] o.h.type.descriptor.sql.BasicBinder      : binding parameter [6] as [VARCHAR] - [$2a$10$wCTPgtAmgbx81eS3E1ZW1elSoju.nZnSLpbCMDa3mZnoE9.ia3y9.]
2026-03-04 15:48:49.786 TRACE 22912 --- [restartedMain] o.h.type.descriptor.sql.BasicBinder      : binding parameter [7] as [VARCHAR] - [ADMIN,USER]
2026-03-04 15:48:49.786 TRACE 22912 --- [restartedMain] o.h.type.descriptor.sql.BasicBinder      : binding parameter [8] as [VARCHAR] - [superadmin]
2026-03-04 15:48:49.790  INFO 22912 --- [restartedMain] .ConditionEvaluationDeltaLoggingListener : Condition evaluation unchanged
2026-03-04 15:48:59.205  INFO 22912 --- [File Watcher] rtingClassPathChangeChangedEventListener : Restarting due to 1 class path change (0 additions, 0 deletions, 1 modification)
2026-03-04 15:48:59.221  INFO 22912 --- [Thread-35] o.apache.catalina.core.StandardService   : Stopping service [Tomcat]
2026-03-04 15:48:59.228  INFO 22912 --- [Thread-35] j.LocalContainerEntityManagerFactoryBean : Closing JPA EntityManagerFactory for persistence unit 'default'
2026-03-04 15:48:59.231  INFO 22912 --- [Thread-35] com.zaxxer.hikari.HikariDataSource       : HikariPool-9 - Shutdown initiated...
2026-03-04 15:48:59.234  INFO 22912 --- [Thread-35] com.zaxxer.hikari.HikariDataSource       : HikariPool-9 - Shutdown completed.
2026-03-04 15:48:59.389  INFO 22912 --- [restartedMain] c.e.e.ExpenseTrackerApiApplication       : Starting ExpenseTrackerApiApplication using Java 17.0.18 on testlap with PID 22912 (C:\Users\ahmad.alhukail\Documents\GitHub\Expense-Tracker-API\target\classes started by ahmad.alhukail in C:\Users\ahmad.alhukail\Documents\GitHub\Expense-Tracker-API)
2026-03-04 15:48:59.389  INFO 22912 --- [restartedMain] c.e.e.ExpenseTrackerApiApplication       : No active profile set, falling back to 1 default profile: "default"
2026-03-04 15:49:00.090  INFO 22912 --- [restartedMain] .s.d.r.c.RepositoryConfigurationDelegate : Bootstrapping Spring Data JPA repositories in DEFAULT mode.
2026-03-04 15:49:00.127  INFO 22912 --- [restartedMain] .s.d.r.c.RepositoryConfigurationDelegate : Finished Spring Data repository scanning in 36 ms. Found 3 JPA repository interfaces.
2026-03-04 15:49:00.362  INFO 22912 --- [restartedMain] o.s.b.w.embedded.tomcat.TomcatWebServer  : Tomcat initialized with port(s): 9000 (http)
2026-03-04 15:49:00.363  INFO 22912 --- [restartedMain] o.apache.catalina.core.StandardService   : Starting service [Tomcat]
2026-03-04 15:49:00.363  INFO 22912 --- [restartedMain] org.apache.catalina.core.StandardEngine  : Starting Servlet engine: [Apache Tomcat/9.0.83]
2026-03-04 15:49:00.385  INFO 22912 --- [restartedMain] o.a.c.c.C.[Tomcat].[localhost].[/]       : Initializing Spring embedded WebApplicationContext
2026-03-04 15:49:00.385  INFO 22912 --- [restartedMain] w.s.c.ServletWebServerApplicationContext : Root WebApplicationContext: initialization completed in 982 ms
2026-03-04 15:49:00.441  INFO 22912 --- [restartedMain] com.zaxxer.hikari.HikariDataSource       : HikariPool-10 - Starting...
2026-03-04 15:49:00.603  INFO 22912 --- [restartedMain] com.zaxxer.hikari.HikariDataSource       : HikariPool-10 - Start completed.
2026-03-04 15:49:00.603  INFO 22912 --- [restartedMain] o.s.b.a.h2.H2ConsoleAutoConfiguration    : H2 console available at '/h2-console'. Database available at 'jdbc:postgresql://localhost:5432/expense_tracker'
2026-03-04 15:49:00.675  INFO 22912 --- [restartedMain] o.hibernate.jpa.internal.util.LogHelper  : HHH000204: Processing PersistenceUnitInfo [name: default]
2026-03-04 15:49:00.679  INFO 22912 --- [restartedMain] org.hibernate.dialect.Dialect            : HHH000400: Using dialect: org.hibernate.dialect.PostgreSQLDialect
2026-03-04 15:49:00.733 DEBUG 22912 --- [restartedMain] org.hibernate.SQL                        : alter table expenses drop constraint FKg37g4b5wtu8ab4oq2rpmfagmg
2026-03-04 15:49:00.738 DEBUG 22912 --- [restartedMain] org.hibernate.SQL                        : alter table expenses drop constraint FKhpk0n2cbnfiuu5nrgl0ika3hq
2026-03-04 15:49:00.744 DEBUG 22912 --- [restartedMain] org.hibernate.SQL                        : drop table if exists category cascade
2026-03-04 15:49:00.751 DEBUG 22912 --- [restartedMain] org.hibernate.SQL                        : drop table if exists expenses cascade
2026-03-04 15:49:00.755 DEBUG 22912 --- [restartedMain] org.hibernate.SQL                        : drop table if exists users cascade
2026-03-04 15:49:00.765 DEBUG 22912 --- [restartedMain] org.hibernate.SQL                        : create table category (id  bigserial not null, created_at timestamp not null, deleted boolean, updated_at timestamp not null, description varchar(200), name varchar(50) not null, primary key (id))
2026-03-04 15:49:00.786 DEBUG 22912 --- [restartedMain] org.hibernate.SQL                        : create table expenses (id  bigserial not null, created_at timestamp not null, deleted boolean, updated_at timestamp not null, amount numeric(19, 2) not null, currency varchar(3) not null, description varchar(200), expense_date date not null, title varchar(100) not null, category_id int8 not null, user_id int8 not null, primary key (id))
2026-03-04 15:49:00.793 DEBUG 22912 --- [restartedMain] org.hibernate.SQL                        : create table users (id  bigserial not null, created_at timestamp not null, deleted boolean, updated_at timestamp not null, email varchar(100), enabled boolean not null, password varchar(255) not null, roles varchar(255) not null, username varchar(50) not null, primary key (id))
2026-03-04 15:49:00.800 DEBUG 22912 --- [restartedMain] org.hibernate.SQL                        : alter table category add constraint UK_46ccwnsi9409t36lurvtyljak unique (name)
2026-03-04 15:49:00.803 DEBUG 22912 --- [restartedMain] org.hibernate.SQL                        : alter table users add constraint UK_6dotkott2kjsp8vw4d0m25fb7 unique (email)
2026-03-04 15:49:00.806 DEBUG 22912 --- [restartedMain] org.hibernate.SQL                        : alter table users add constraint UK_r43af9ap4edm43mmtq01oddj6 unique (username)
2026-03-04 15:49:00.809 DEBUG 22912 --- [restartedMain] org.hibernate.SQL                        : alter table expenses add constraint FKg37g4b5wtu8ab4oq2rpmfagmg foreign key (category_id) references category
2026-03-04 15:49:00.815 DEBUG 22912 --- [restartedMain] org.hibernate.SQL                        : alter table expenses add constraint FKhpk0n2cbnfiuu5nrgl0ika3hq foreign key (user_id) references users
2026-03-04 15:49:00.820  INFO 22912 --- [restartedMain] o.h.e.t.j.p.i.JtaPlatformInitiator       : HHH000490: Using JtaPlatform implementation: [org.hibernate.engine.transaction.jta.platform.internal.NoJtaPlatform]
2026-03-04 15:49:00.820  INFO 22912 --- [restartedMain] j.LocalContainerEntityManagerFactoryBean : Initialized JPA EntityManagerFactory for persistence unit 'default'
2026-03-04 15:49:01.218  WARN 22912 --- [restartedMain] JpaBaseConfiguration$JpaWebConfiguration : spring.jpa.open-in-view is enabled by default. Therefore, database queries may be performed during view rendering. Explicitly configure spring.jpa.open-in-view to disable this warning
2026-03-04 15:49:01.459  INFO 22912 --- [restartedMain] o.s.b.d.a.OptionalLiveReloadServer       : LiveReload server is running on port 35729
2026-03-04 15:49:01.464  INFO 22912 --- [restartedMain] o.s.b.a.e.web.EndpointLinksResolver      : Exposing 3 endpoint(s) beneath base path '/actuator'
2026-03-04 15:49:01.489  INFO 22912 --- [restartedMain] o.s.b.w.embedded.tomcat.TomcatWebServer  : Tomcat started on port(s): 9000 (http) with context path ''
2026-03-04 15:49:01.501  INFO 22912 --- [restartedMain] c.e.e.ExpenseTrackerApiApplication       : Started ExpenseTrackerApiApplication in 2.175 seconds (JVM running for 577.734)
2026-03-04 15:49:01.505 DEBUG 22912 --- [restartedMain] org.hibernate.SQL                        : select count(*) as col_0_0_ from users user0_
2026-03-04 15:49:01.611 DEBUG 22912 --- [restartedMain] org.hibernate.SQL                        : insert into users (created_at, deleted, updated_at, email, enabled, password, roles, username) values (?, ?, ?, ?, ?, ?, ?, ?)
2026-03-04 15:49:01.611 TRACE 22912 --- [restartedMain] o.h.type.descriptor.sql.BasicBinder      : binding parameter [1] as [TIMESTAMP] - [2026-03-04T15:49:01.610768100]
2026-03-04 15:49:01.611 TRACE 22912 --- [restartedMain] o.h.type.descriptor.sql.BasicBinder      : binding parameter [2] as [BOOLEAN] - [false]
2026-03-04 15:49:01.611 TRACE 22912 --- [restartedMain] o.h.type.descriptor.sql.BasicBinder      : binding parameter [3] as [TIMESTAMP] - [2026-03-04T15:49:01.610768100]
2026-03-04 15:49:01.611 TRACE 22912 --- [restartedMain] o.h.type.descriptor.sql.BasicBinder      : binding parameter [4] as [VARCHAR] - [admin@elm.com]
2026-03-04 15:49:01.612 TRACE 22912 --- [restartedMain] o.h.type.descriptor.sql.BasicBinder      : binding parameter [5] as [BOOLEAN] - [true]
2026-03-04 15:49:01.612 TRACE 22912 --- [restartedMain] o.h.type.descriptor.sql.BasicBinder      : binding parameter [6] as [VARCHAR] - [$2a$10$MkdLonG8/RZ5etgkC9aS0.jcRN.AQnYRs1WQUA5kLb0dgEt.rw7dO]
2026-03-04 15:49:01.612 TRACE 22912 --- [restartedMain] o.h.type.descriptor.sql.BasicBinder      : binding parameter [7] as [VARCHAR] - [ADMIN,USER]
2026-03-04 15:49:01.612 TRACE 22912 --- [restartedMain] o.h.type.descriptor.sql.BasicBinder      : binding parameter [8] as [VARCHAR] - [superadmin]
2026-03-04 15:49:01.617  INFO 22912 --- [restartedMain] .ConditionEvaluationDeltaLoggingListener : Condition evaluation unchanged
2026-03-04 15:49:17.184  INFO 22912 --- [File Watcher] rtingClassPathChangeChangedEventListener : Restarting due to 1 class path change (0 additions, 0 deletions, 1 modification)
2026-03-04 15:49:17.202  INFO 22912 --- [Thread-39] o.apache.catalina.core.StandardService   : Stopping service [Tomcat]
2026-03-04 15:49:17.209  INFO 22912 --- [Thread-39] j.LocalContainerEntityManagerFactoryBean : Closing JPA EntityManagerFactory for persistence unit 'default'
2026-03-04 15:49:17.210  INFO 22912 --- [Thread-39] com.zaxxer.hikari.HikariDataSource       : HikariPool-10 - Shutdown initiated...
2026-03-04 15:49:17.213  INFO 22912 --- [Thread-39] com.zaxxer.hikari.HikariDataSource       : HikariPool-10 - Shutdown completed.
2026-03-04 15:49:17.324  INFO 22912 --- [restartedMain] c.e.e.ExpenseTrackerApiApplication       : Starting ExpenseTrackerApiApplication using Java 17.0.18 on testlap with PID 22912 (C:\Users\ahmad.alhukail\Documents\GitHub\Expense-Tracker-API\target\classes started by ahmad.alhukail in C:\Users\ahmad.alhukail\Documents\GitHub\Expense-Tracker-API)
2026-03-04 15:49:17.325  INFO 22912 --- [restartedMain] c.e.e.ExpenseTrackerApiApplication       : No active profile set, falling back to 1 default profile: "default"
2026-03-04 15:49:17.641  INFO 22912 --- [restartedMain] .s.d.r.c.RepositoryConfigurationDelegate : Bootstrapping Spring Data JPA repositories in DEFAULT mode.
2026-03-04 15:49:17.658  INFO 22912 --- [restartedMain] .s.d.r.c.RepositoryConfigurationDelegate : Finished Spring Data repository scanning in 17 ms. Found 3 JPA repository interfaces.
2026-03-04 15:49:17.777  INFO 22912 --- [restartedMain] o.s.b.w.embedded.tomcat.TomcatWebServer  : Tomcat initialized with port(s): 9000 (http)
2026-03-04 15:49:17.778  INFO 22912 --- [restartedMain] o.apache.catalina.core.StandardService   : Starting service [Tomcat]
2026-03-04 15:49:17.778  INFO 22912 --- [restartedMain] org.apache.catalina.core.StandardEngine  : Starting Servlet engine: [Apache Tomcat/9.0.83]
2026-03-04 15:49:17.793  INFO 22912 --- [restartedMain] o.a.c.c.C.[Tomcat].[localhost].[/]       : Initializing Spring embedded WebApplicationContext
2026-03-04 15:49:17.793  INFO 22912 --- [restartedMain] w.s.c.ServletWebServerApplicationContext : Root WebApplicationContext: initialization completed in 465 ms
2026-03-04 15:49:17.824  INFO 22912 --- [restartedMain] com.zaxxer.hikari.HikariDataSource       : HikariPool-11 - Starting...
2026-03-04 15:49:17.870  INFO 22912 --- [restartedMain] com.zaxxer.hikari.HikariDataSource       : HikariPool-11 - Start completed.
2026-03-04 15:49:17.870  INFO 22912 --- [restartedMain] o.s.b.a.h2.H2ConsoleAutoConfiguration    : H2 console available at '/h2-console'. Database available at 'jdbc:postgresql://localhost:5432/expense_tracker'
2026-03-04 15:49:17.922  INFO 22912 --- [restartedMain] o.hibernate.jpa.internal.util.LogHelper  : HHH000204: Processing PersistenceUnitInfo [name: default]
2026-03-04 15:49:17.926  INFO 22912 --- [restartedMain] org.hibernate.dialect.Dialect            : HHH000400: Using dialect: org.hibernate.dialect.PostgreSQLDialect
2026-03-04 15:49:17.968 DEBUG 22912 --- [restartedMain] org.hibernate.SQL                        : alter table expenses drop constraint FKg37g4b5wtu8ab4oq2rpmfagmg
2026-03-04 15:49:17.971 DEBUG 22912 --- [restartedMain] org.hibernate.SQL                        : alter table expenses drop constraint FKhpk0n2cbnfiuu5nrgl0ika3hq
2026-03-04 15:49:17.972 DEBUG 22912 --- [restartedMain] org.hibernate.SQL                        : drop table if exists category cascade
2026-03-04 15:49:17.976 DEBUG 22912 --- [restartedMain] org.hibernate.SQL                        : drop table if exists expenses cascade
2026-03-04 15:49:17.980 DEBUG 22912 --- [restartedMain] org.hibernate.SQL                        : drop table if exists users cascade
2026-03-04 15:49:17.988 DEBUG 22912 --- [restartedMain] org.hibernate.SQL                        : create table category (id  bigserial not null, created_at timestamp not null, deleted boolean, updated_at timestamp not null, description varchar(200), name varchar(50) not null, primary key (id))
2026-03-04 15:49:17.997 DEBUG 22912 --- [restartedMain] org.hibernate.SQL                        : create table expenses (id  bigserial not null, created_at timestamp not null, deleted boolean, updated_at timestamp not null, amount numeric(19, 2) not null, currency varchar(3) not null, description varchar(200), expense_date date not null, title varchar(100) not null, category_id int8 not null, user_id int8 not null, primary key (id))
2026-03-04 15:49:18.001 DEBUG 22912 --- [restartedMain] org.hibernate.SQL                        : create table users (id  bigserial not null, created_at timestamp not null, deleted boolean, updated_at timestamp not null, email varchar(100), enabled boolean not null, password varchar(255) not null, roles varchar(255) not null, username varchar(50) not null, primary key (id))
2026-03-04 15:49:18.007 DEBUG 22912 --- [restartedMain] org.hibernate.SQL                        : alter table category add constraint UK_46ccwnsi9409t36lurvtyljak unique (name)
2026-03-04 15:49:18.010 DEBUG 22912 --- [restartedMain] org.hibernate.SQL                        : alter table users add constraint UK_6dotkott2kjsp8vw4d0m25fb7 unique (email)
2026-03-04 15:49:18.012 DEBUG 22912 --- [restartedMain] org.hibernate.SQL                        : alter table users add constraint UK_r43af9ap4edm43mmtq01oddj6 unique (username)
2026-03-04 15:49:18.014 DEBUG 22912 --- [restartedMain] org.hibernate.SQL                        : alter table expenses add constraint FKg37g4b5wtu8ab4oq2rpmfagmg foreign key (category_id) references category
2026-03-04 15:49:18.018 DEBUG 22912 --- [restartedMain] org.hibernate.SQL                        : alter table expenses add constraint FKhpk0n2cbnfiuu5nrgl0ika3hq foreign key (user_id) references users
2026-03-04 15:49:18.021  INFO 22912 --- [restartedMain] o.h.e.t.j.p.i.JtaPlatformInitiator       : HHH000490: Using JtaPlatform implementation: [org.hibernate.engine.transaction.jta.platform.internal.NoJtaPlatform]
2026-03-04 15:49:18.021  INFO 22912 --- [restartedMain] j.LocalContainerEntityManagerFactoryBean : Initialized JPA EntityManagerFactory for persistence unit 'default'
2026-03-04 15:49:18.264  WARN 22912 --- [restartedMain] JpaBaseConfiguration$JpaWebConfiguration : spring.jpa.open-in-view is enabled by default. Therefore, database queries may be performed during view rendering. Explicitly configure spring.jpa.open-in-view to disable this warning
2026-03-04 15:49:18.554  INFO 22912 --- [restartedMain] o.s.b.d.a.OptionalLiveReloadServer       : LiveReload server is running on port 35729
2026-03-04 15:49:18.563  INFO 22912 --- [restartedMain] o.s.b.a.e.web.EndpointLinksResolver      : Exposing 3 endpoint(s) beneath base path '/actuator'
2026-03-04 15:49:18.590  INFO 22912 --- [restartedMain] o.s.b.w.embedded.tomcat.TomcatWebServer  : Tomcat started on port(s): 9000 (http) with context path ''
2026-03-04 15:49:18.601  INFO 22912 --- [restartedMain] c.e.e.ExpenseTrackerApiApplication       : Started ExpenseTrackerApiApplication in 1.312 seconds (JVM running for 594.835)
2026-03-04 15:49:18.604 DEBUG 22912 --- [restartedMain] org.hibernate.SQL                        : select count(*) as col_0_0_ from users user0_
2026-03-04 15:49:18.708 DEBUG 22912 --- [restartedMain] org.hibernate.SQL                        : insert into users (created_at, deleted, updated_at, email, enabled, password, roles, username) values (?, ?, ?, ?, ?, ?, ?, ?)
2026-03-04 15:49:18.709 TRACE 22912 --- [restartedMain] o.h.type.descriptor.sql.BasicBinder      : binding parameter [1] as [TIMESTAMP] - [2026-03-04T15:49:18.708271]
2026-03-04 15:49:18.709 TRACE 22912 --- [restartedMain] o.h.type.descriptor.sql.BasicBinder      : binding parameter [2] as [BOOLEAN] - [false]
2026-03-04 15:49:18.710 TRACE 22912 --- [restartedMain] o.h.type.descriptor.sql.BasicBinder      : binding parameter [3] as [TIMESTAMP] - [2026-03-04T15:49:18.708271]
2026-03-04 15:49:18.710 TRACE 22912 --- [restartedMain] o.h.type.descriptor.sql.BasicBinder      : binding parameter [4] as [VARCHAR] - [admin@elm.com]
2026-03-04 15:49:18.710 TRACE 22912 --- [restartedMain] o.h.type.descriptor.sql.BasicBinder      : binding parameter [5] as [BOOLEAN] - [true]
2026-03-04 15:49:18.710 TRACE 22912 --- [restartedMain] o.h.type.descriptor.sql.BasicBinder      : binding parameter [6] as [VARCHAR] - [$2a$10$Hw5EzkG.OlP3D/f6Y3abXu5Dt92oo68xl8yfl9obKWGnvuFYvcYRa]
2026-03-04 15:49:18.710 TRACE 22912 --- [restartedMain] o.h.type.descriptor.sql.BasicBinder      : binding parameter [7] as [VARCHAR] - [ADMIN,USER]
2026-03-04 15:49:18.710 TRACE 22912 --- [restartedMain] o.h.type.descriptor.sql.BasicBinder      : binding parameter [8] as [VARCHAR] - [superadmin]
2026-03-04 15:49:18.714  INFO 22912 --- [restartedMain] .ConditionEvaluationDeltaLoggingListener : Condition evaluation unchanged
2026-03-04 15:49:29.161  INFO 22912 --- [File Watcher] rtingClassPathChangeChangedEventListener : Restarting due to 1 class path change (0 additions, 0 deletions, 1 modification)
2026-03-04 15:49:29.173  INFO 22912 --- [Thread-43] o.apache.catalina.core.StandardService   : Stopping service [Tomcat]
2026-03-04 15:49:29.179  INFO 22912 --- [Thread-43] j.LocalContainerEntityManagerFactoryBean : Closing JPA EntityManagerFactory for persistence unit 'default'
2026-03-04 15:49:29.181  INFO 22912 --- [Thread-43] com.zaxxer.hikari.HikariDataSource       : HikariPool-11 - Shutdown initiated...
2026-03-04 15:49:29.183  INFO 22912 --- [Thread-43] com.zaxxer.hikari.HikariDataSource       : HikariPool-11 - Shutdown completed.
2026-03-04 15:49:29.274  INFO 22912 --- [restartedMain] c.e.e.ExpenseTrackerApiApplication       : Starting ExpenseTrackerApiApplication using Java 17.0.18 on testlap with PID 22912 (C:\Users\ahmad.alhukail\Documents\GitHub\Expense-Tracker-API\target\classes started by ahmad.alhukail in C:\Users\ahmad.alhukail\Documents\GitHub\Expense-Tracker-API)
2026-03-04 15:49:29.274  INFO 22912 --- [restartedMain] c.e.e.ExpenseTrackerApiApplication       : No active profile set, falling back to 1 default profile: "default"
2026-03-04 15:49:29.584  INFO 22912 --- [restartedMain] .s.d.r.c.RepositoryConfigurationDelegate : Bootstrapping Spring Data JPA repositories in DEFAULT mode.
2026-03-04 15:49:29.602  INFO 22912 --- [restartedMain] .s.d.r.c.RepositoryConfigurationDelegate : Finished Spring Data repository scanning in 18 ms. Found 3 JPA repository interfaces.
2026-03-04 15:49:29.747  INFO 22912 --- [restartedMain] o.s.b.w.embedded.tomcat.TomcatWebServer  : Tomcat initialized with port(s): 9000 (http)
2026-03-04 15:49:29.748  INFO 22912 --- [restartedMain] o.apache.catalina.core.StandardService   : Starting service [Tomcat]
2026-03-04 15:49:29.749  INFO 22912 --- [restartedMain] org.apache.catalina.core.StandardEngine  : Starting Servlet engine: [Apache Tomcat/9.0.83]
2026-03-04 15:49:29.767  INFO 22912 --- [restartedMain] o.a.c.c.C.[Tomcat].[localhost].[/]       : Initializing Spring embedded WebApplicationContext
2026-03-04 15:49:29.767  INFO 22912 --- [restartedMain] w.s.c.ServletWebServerApplicationContext : Root WebApplicationContext: initialization completed in 491 ms
2026-03-04 15:49:29.811  INFO 22912 --- [restartedMain] com.zaxxer.hikari.HikariDataSource       : HikariPool-12 - Starting...
2026-03-04 15:49:29.870  INFO 22912 --- [restartedMain] com.zaxxer.hikari.HikariDataSource       : HikariPool-12 - Start completed.
2026-03-04 15:49:29.870  INFO 22912 --- [restartedMain] o.s.b.a.h2.H2ConsoleAutoConfiguration    : H2 console available at '/h2-console'. Database available at 'jdbc:postgresql://localhost:5432/expense_tracker'
2026-03-04 15:49:29.931  INFO 22912 --- [restartedMain] o.hibernate.jpa.internal.util.LogHelper  : HHH000204: Processing PersistenceUnitInfo [name: default]
2026-03-04 15:49:29.935  INFO 22912 --- [restartedMain] org.hibernate.dialect.Dialect            : HHH000400: Using dialect: org.hibernate.dialect.PostgreSQLDialect
2026-03-04 15:49:29.976 DEBUG 22912 --- [restartedMain] org.hibernate.SQL                        : alter table expenses drop constraint FKg37g4b5wtu8ab4oq2rpmfagmg
2026-03-04 15:49:29.979 DEBUG 22912 --- [restartedMain] org.hibernate.SQL                        : alter table expenses drop constraint FKhpk0n2cbnfiuu5nrgl0ika3hq
2026-03-04 15:49:29.980 DEBUG 22912 --- [restartedMain] org.hibernate.SQL                        : drop table if exists category cascade
2026-03-04 15:49:29.985 DEBUG 22912 --- [restartedMain] org.hibernate.SQL                        : drop table if exists expenses cascade
2026-03-04 15:49:29.989 DEBUG 22912 --- [restartedMain] org.hibernate.SQL                        : drop table if exists users cascade
2026-03-04 15:49:29.995 DEBUG 22912 --- [restartedMain] org.hibernate.SQL                        : create table category (id  bigserial not null, created_at timestamp not null, deleted boolean, updated_at timestamp not null, description varchar(200), name varchar(50) not null, primary key (id))
2026-03-04 15:49:30.012 DEBUG 22912 --- [restartedMain] org.hibernate.SQL                        : create table expenses (id  bigserial not null, created_at timestamp not null, deleted boolean, updated_at timestamp not null, amount numeric(19, 2) not null, currency varchar(3) not null, description varchar(200), expense_date date not null, title varchar(100) not null, category_id int8 not null, user_id int8 not null, primary key (id))
2026-03-04 15:49:30.016 DEBUG 22912 --- [restartedMain] org.hibernate.SQL                        : create table users (id  bigserial not null, created_at timestamp not null, deleted boolean, updated_at timestamp not null, email varchar(100), enabled boolean not null, password varchar(255) not null, roles varchar(255) not null, username varchar(50) not null, primary key (id))
2026-03-04 15:49:30.022 DEBUG 22912 --- [restartedMain] org.hibernate.SQL                        : alter table category add constraint UK_46ccwnsi9409t36lurvtyljak unique (name)
2026-03-04 15:49:30.025 DEBUG 22912 --- [restartedMain] org.hibernate.SQL                        : alter table users add constraint UK_6dotkott2kjsp8vw4d0m25fb7 unique (email)
2026-03-04 15:49:30.026 DEBUG 22912 --- [restartedMain] org.hibernate.SQL                        : alter table users add constraint UK_r43af9ap4edm43mmtq01oddj6 unique (username)
2026-03-04 15:49:30.028 DEBUG 22912 --- [restartedMain] org.hibernate.SQL                        : alter table expenses add constraint FKg37g4b5wtu8ab4oq2rpmfagmg foreign key (category_id) references category
2026-03-04 15:49:30.041 DEBUG 22912 --- [restartedMain] org.hibernate.SQL                        : alter table expenses add constraint FKhpk0n2cbnfiuu5nrgl0ika3hq foreign key (user_id) references users
2026-03-04 15:49:30.044  INFO 22912 --- [restartedMain] o.h.e.t.j.p.i.JtaPlatformInitiator       : HHH000490: Using JtaPlatform implementation: [org.hibernate.engine.transaction.jta.platform.internal.NoJtaPlatform]
2026-03-04 15:49:30.044  INFO 22912 --- [restartedMain] j.LocalContainerEntityManagerFactoryBean : Initialized JPA EntityManagerFactory for persistence unit 'default'
2026-03-04 15:49:30.331  WARN 22912 --- [restartedMain] JpaBaseConfiguration$JpaWebConfiguration : spring.jpa.open-in-view is enabled by default. Therefore, database queries may be performed during view rendering. Explicitly configure spring.jpa.open-in-view to disable this warning
2026-03-04 15:49:30.505  INFO 22912 --- [restartedMain] o.s.b.d.a.OptionalLiveReloadServer       : LiveReload server is running on port 35729
2026-03-04 15:49:30.509  INFO 22912 --- [restartedMain] o.s.b.a.e.web.EndpointLinksResolver      : Exposing 3 endpoint(s) beneath base path '/actuator'
2026-03-04 15:49:30.535  INFO 22912 --- [restartedMain] o.s.b.w.embedded.tomcat.TomcatWebServer  : Tomcat started on port(s): 9000 (http) with context path ''
2026-03-04 15:49:30.545  INFO 22912 --- [restartedMain] c.e.e.ExpenseTrackerApiApplication       : Started ExpenseTrackerApiApplication in 1.298 seconds (JVM running for 606.779)
2026-03-04 15:49:30.548 DEBUG 22912 --- [restartedMain] org.hibernate.SQL                        : select count(*) as col_0_0_ from users user0_
2026-03-04 15:49:30.650 DEBUG 22912 --- [restartedMain] org.hibernate.SQL                        : insert into users (created_at, deleted, updated_at, email, enabled, password, roles, username) values (?, ?, ?, ?, ?, ?, ?, ?)
2026-03-04 15:49:30.651 TRACE 22912 --- [restartedMain] o.h.type.descriptor.sql.BasicBinder      : binding parameter [1] as [TIMESTAMP] - [2026-03-04T15:49:30.650632300]
2026-03-04 15:49:30.651 TRACE 22912 --- [restartedMain] o.h.type.descriptor.sql.BasicBinder      : binding parameter [2] as [BOOLEAN] - [false]
2026-03-04 15:49:30.651 TRACE 22912 --- [restartedMain] o.h.type.descriptor.sql.BasicBinder      : binding parameter [3] as [TIMESTAMP] - [2026-03-04T15:49:30.650632300]
2026-03-04 15:49:30.651 TRACE 22912 --- [restartedMain] o.h.type.descriptor.sql.BasicBinder      : binding parameter [4] as [VARCHAR] - [admin@elm.com]
2026-03-04 15:49:30.651 TRACE 22912 --- [restartedMain] o.h.type.descriptor.sql.BasicBinder      : binding parameter [5] as [BOOLEAN] - [true]
2026-03-04 15:49:30.651 TRACE 22912 --- [restartedMain] o.h.type.descriptor.sql.BasicBinder      : binding parameter [6] as [VARCHAR] - [$2a$10$oaFt9ust4Xu3JY1f1edADugjokE2eMumrCwhbglZbqj36zONt8fzW]
2026-03-04 15:49:30.651 TRACE 22912 --- [restartedMain] o.h.type.descriptor.sql.BasicBinder      : binding parameter [7] as [VARCHAR] - [ADMIN,USER]
2026-03-04 15:49:30.651 TRACE 22912 --- [restartedMain] o.h.type.descriptor.sql.BasicBinder      : binding parameter [8] as [VARCHAR] - [superadmin]
2026-03-04 15:49:30.655  INFO 22912 --- [restartedMain] .ConditionEvaluationDeltaLoggingListener : Condition evaluation unchanged
2026-03-04 15:49:32.979  INFO 22912 --- [File Watcher] rtingClassPathChangeChangedEventListener : Restarting due to 1 class path change (0 additions, 0 deletions, 1 modification)
2026-03-04 15:49:33.000  INFO 22912 --- [Thread-47] o.apache.catalina.core.StandardService   : Stopping service [Tomcat]
2026-03-04 15:49:33.011  INFO 22912 --- [Thread-47] j.LocalContainerEntityManagerFactoryBean : Closing JPA EntityManagerFactory for persistence unit 'default'
2026-03-04 15:49:33.015  INFO 22912 --- [Thread-47] com.zaxxer.hikari.HikariDataSource       : HikariPool-12 - Shutdown initiated...
2026-03-04 15:49:33.021  INFO 22912 --- [Thread-47] com.zaxxer.hikari.HikariDataSource       : HikariPool-12 - Shutdown completed.
2026-03-04 15:49:33.133  INFO 22912 --- [restartedMain] c.e.e.ExpenseTrackerApiApplication       : Starting ExpenseTrackerApiApplication using Java 17.0.18 on testlap with PID 22912 (C:\Users\ahmad.alhukail\Documents\GitHub\Expense-Tracker-API\target\classes started by ahmad.alhukail in C:\Users\ahmad.alhukail\Documents\GitHub\Expense-Tracker-API)
2026-03-04 15:49:33.133  INFO 22912 --- [restartedMain] c.e.e.ExpenseTrackerApiApplication       : No active profile set, falling back to 1 default profile: "default"
2026-03-04 15:49:33.559  INFO 22912 --- [restartedMain] .s.d.r.c.RepositoryConfigurationDelegate : Bootstrapping Spring Data JPA repositories in DEFAULT mode.
2026-03-04 15:49:33.586  INFO 22912 --- [restartedMain] .s.d.r.c.RepositoryConfigurationDelegate : Finished Spring Data repository scanning in 26 ms. Found 3 JPA repository interfaces.
2026-03-04 15:49:33.746  INFO 22912 --- [restartedMain] o.s.b.w.embedded.tomcat.TomcatWebServer  : Tomcat initialized with port(s): 9000 (http)
2026-03-04 15:49:33.746  INFO 22912 --- [restartedMain] o.apache.catalina.core.StandardService   : Starting service [Tomcat]
2026-03-04 15:49:33.746  INFO 22912 --- [restartedMain] org.apache.catalina.core.StandardEngine  : Starting Servlet engine: [Apache Tomcat/9.0.83]
2026-03-04 15:49:33.763  INFO 22912 --- [restartedMain] o.a.c.c.C.[Tomcat].[localhost].[/]       : Initializing Spring embedded WebApplicationContext
2026-03-04 15:49:33.763  INFO 22912 --- [restartedMain] w.s.c.ServletWebServerApplicationContext : Root WebApplicationContext: initialization completed in 627 ms
2026-03-04 15:49:33.801  INFO 22912 --- [restartedMain] com.zaxxer.hikari.HikariDataSource       : HikariPool-13 - Starting...
2026-03-04 15:49:33.850  INFO 22912 --- [restartedMain] com.zaxxer.hikari.HikariDataSource       : HikariPool-13 - Start completed.
2026-03-04 15:49:33.850  INFO 22912 --- [restartedMain] o.s.b.a.h2.H2ConsoleAutoConfiguration    : H2 console available at '/h2-console'. Database available at 'jdbc:postgresql://localhost:5432/expense_tracker'
2026-03-04 15:49:33.909  INFO 22912 --- [restartedMain] o.hibernate.jpa.internal.util.LogHelper  : HHH000204: Processing PersistenceUnitInfo [name: default]
2026-03-04 15:49:33.914  INFO 22912 --- [restartedMain] org.hibernate.dialect.Dialect            : HHH000400: Using dialect: org.hibernate.dialect.PostgreSQLDialect
2026-03-04 15:49:33.954 DEBUG 22912 --- [restartedMain] org.hibernate.SQL                        : alter table expenses drop constraint FKg37g4b5wtu8ab4oq2rpmfagmg
2026-03-04 15:49:33.957 DEBUG 22912 --- [restartedMain] org.hibernate.SQL                        : alter table expenses drop constraint FKhpk0n2cbnfiuu5nrgl0ika3hq
2026-03-04 15:49:33.958 DEBUG 22912 --- [restartedMain] org.hibernate.SQL                        : drop table if exists category cascade
2026-03-04 15:49:33.966 DEBUG 22912 --- [restartedMain] org.hibernate.SQL                        : drop table if exists expenses cascade
2026-03-04 15:49:33.971 DEBUG 22912 --- [restartedMain] org.hibernate.SQL                        : drop table if exists users cascade
2026-03-04 15:49:33.980 DEBUG 22912 --- [restartedMain] org.hibernate.SQL                        : create table category (id  bigserial not null, created_at timestamp not null, deleted boolean, updated_at timestamp not null, description varchar(200), name varchar(50) not null, primary key (id))
2026-03-04 15:49:33.991 DEBUG 22912 --- [restartedMain] org.hibernate.SQL                        : create table expenses (id  bigserial not null, created_at timestamp not null, deleted boolean, updated_at timestamp not null, amount numeric(19, 2) not null, currency varchar(3) not null, description varchar(200), expense_date date not null, title varchar(100) not null, category_id int8 not null, user_id int8 not null, primary key (id))
2026-03-04 15:49:33.998 DEBUG 22912 --- [restartedMain] org.hibernate.SQL                        : create table users (id  bigserial not null, created_at timestamp not null, deleted boolean, updated_at timestamp not null, email varchar(100), enabled boolean not null, password varchar(255) not null, roles varchar(255) not null, username varchar(50) not null, primary key (id))
2026-03-04 15:49:34.005 DEBUG 22912 --- [restartedMain] org.hibernate.SQL                        : alter table category add constraint UK_46ccwnsi9409t36lurvtyljak unique (name)
2026-03-04 15:49:34.008 DEBUG 22912 --- [restartedMain] org.hibernate.SQL                        : alter table users add constraint UK_6dotkott2kjsp8vw4d0m25fb7 unique (email)
2026-03-04 15:49:34.013 DEBUG 22912 --- [restartedMain] org.hibernate.SQL                        : alter table users add constraint UK_r43af9ap4edm43mmtq01oddj6 unique (username)
2026-03-04 15:49:34.018 DEBUG 22912 --- [restartedMain] org.hibernate.SQL                        : alter table expenses add constraint FKg37g4b5wtu8ab4oq2rpmfagmg foreign key (category_id) references category
2026-03-04 15:49:34.024 DEBUG 22912 --- [restartedMain] org.hibernate.SQL                        : alter table expenses add constraint FKhpk0n2cbnfiuu5nrgl0ika3hq foreign key (user_id) references users
2026-03-04 15:49:34.032  INFO 22912 --- [restartedMain] o.h.e.t.j.p.i.JtaPlatformInitiator       : HHH000490: Using JtaPlatform implementation: [org.hibernate.engine.transaction.jta.platform.internal.NoJtaPlatform]
2026-03-04 15:49:34.032  INFO 22912 --- [restartedMain] j.LocalContainerEntityManagerFactoryBean : Initialized JPA EntityManagerFactory for persistence unit 'default'
2026-03-04 15:49:34.391  WARN 22912 --- [restartedMain] JpaBaseConfiguration$JpaWebConfiguration : spring.jpa.open-in-view is enabled by default. Therefore, database queries may be performed during view rendering. Explicitly configure spring.jpa.open-in-view to disable this warning
2026-03-04 15:49:34.595  INFO 22912 --- [restartedMain] o.s.b.d.a.OptionalLiveReloadServer       : LiveReload server is running on port 35729
2026-03-04 15:49:34.621  INFO 22912 --- [restartedMain] o.s.b.a.e.web.EndpointLinksResolver      : Exposing 3 endpoint(s) beneath base path '/actuator'
2026-03-04 15:49:34.667  INFO 22912 --- [restartedMain] o.s.b.w.embedded.tomcat.TomcatWebServer  : Tomcat started on port(s): 9000 (http) with context path ''
2026-03-04 15:49:34.684  INFO 22912 --- [restartedMain] c.e.e.ExpenseTrackerApiApplication       : Started ExpenseTrackerApiApplication in 1.586 seconds (JVM running for 610.917)
2026-03-04 15:49:34.691 DEBUG 22912 --- [restartedMain] org.hibernate.SQL                        : select count(*) as col_0_0_ from users user0_
2026-03-04 15:49:34.815 DEBUG 22912 --- [restartedMain] org.hibernate.SQL                        : insert into users (created_at, deleted, updated_at, email, enabled, password, roles, username) values (?, ?, ?, ?, ?, ?, ?, ?)
2026-03-04 15:49:34.816 TRACE 22912 --- [restartedMain] o.h.type.descriptor.sql.BasicBinder      : binding parameter [1] as [TIMESTAMP] - [2026-03-04T15:49:34.815714900]
2026-03-04 15:49:34.817 TRACE 22912 --- [restartedMain] o.h.type.descriptor.sql.BasicBinder      : binding parameter [2] as [BOOLEAN] - [false]
2026-03-04 15:49:34.817 TRACE 22912 --- [restartedMain] o.h.type.descriptor.sql.BasicBinder      : binding parameter [3] as [TIMESTAMP] - [2026-03-04T15:49:34.815714900]
2026-03-04 15:49:34.817 TRACE 22912 --- [restartedMain] o.h.type.descriptor.sql.BasicBinder      : binding parameter [4] as [VARCHAR] - [admin@elm.com]
2026-03-04 15:49:34.817 TRACE 22912 --- [restartedMain] o.h.type.descriptor.sql.BasicBinder      : binding parameter [5] as [BOOLEAN] - [true]
2026-03-04 15:49:34.817 TRACE 22912 --- [restartedMain] o.h.type.descriptor.sql.BasicBinder      : binding parameter [6] as [VARCHAR] - [$2a$10$Ys2OS71IHA3FbBRC6hnQzO/7IdZ5ZsyLBMIy0efsKb1d5doCWyVKO]
2026-03-04 15:49:34.817 TRACE 22912 --- [restartedMain] o.h.type.descriptor.sql.BasicBinder      : binding parameter [7] as [VARCHAR] - [ADMIN,USER]
2026-03-04 15:49:34.817 TRACE 22912 --- [restartedMain] o.h.type.descriptor.sql.BasicBinder      : binding parameter [8] as [VARCHAR] - [superadmin]
2026-03-04 15:49:34.825  INFO 22912 --- [restartedMain] .ConditionEvaluationDeltaLoggingListener : Condition evaluation unchanged
2026-03-04 15:49:43.691  INFO 22912 --- [SpringApplicationShutdownHook] j.LocalContainerEntityManagerFactoryBean : Closing JPA EntityManagerFactory for persistence unit 'default'
2026-03-04 15:49:43.692  INFO 22912 --- [SpringApplicationShutdownHook] com.zaxxer.hikari.HikariDataSource       : HikariPool-13 - Shutdown initiated...
2026-03-04 15:49:43.697  INFO 22912 --- [SpringApplicationShutdownHook] com.zaxxer.hikari.HikariDataSource       : HikariPool-13 - Shutdown completed.
2026-03-04 15:49:46.674  INFO 22648 --- [restartedMain] c.e.e.ExpenseTrackerApiApplication       : Starting ExpenseTrackerApiApplication using Java 17.0.18 on testlap with PID 22648 (C:\Users\ahmad.alhukail\Documents\GitHub\Expense-Tracker-API\target\classes started by ahmad.alhukail in C:\Users\ahmad.alhukail\Documents\GitHub\Expense-Tracker-API)
2026-03-04 15:49:46.676  INFO 22648 --- [restartedMain] c.e.e.ExpenseTrackerApiApplication       : No active profile set, falling back to 1 default profile: "default"
2026-03-04 15:49:46.747  INFO 22648 --- [restartedMain] .e.DevToolsPropertyDefaultsPostProcessor : Devtools property defaults active! Set 'spring.devtools.add-properties' to 'false' to disable
2026-03-04 15:49:46.748  INFO 22648 --- [restartedMain] .e.DevToolsPropertyDefaultsPostProcessor : For additional web related logging consider setting the 'logging.level.web' property to 'DEBUG'
2026-03-04 15:49:47.838  INFO 22648 --- [restartedMain] .s.d.r.c.RepositoryConfigurationDelegate : Bootstrapping Spring Data JPA repositories in DEFAULT mode.
2026-03-04 15:49:47.905  INFO 22648 --- [restartedMain] .s.d.r.c.RepositoryConfigurationDelegate : Finished Spring Data repository scanning in 57 ms. Found 3 JPA repository interfaces.
2026-03-04 15:49:48.630  INFO 22648 --- [restartedMain] o.s.b.w.embedded.tomcat.TomcatWebServer  : Tomcat initialized with port(s): 9000 (http)
2026-03-04 15:49:48.642  INFO 22648 --- [restartedMain] o.apache.catalina.core.StandardService   : Starting service [Tomcat]
2026-03-04 15:49:48.643  INFO 22648 --- [restartedMain] org.apache.catalina.core.StandardEngine  : Starting Servlet engine: [Apache Tomcat/9.0.83]
2026-03-04 15:49:48.722  INFO 22648 --- [restartedMain] o.a.c.c.C.[Tomcat].[localhost].[/]       : Initializing Spring embedded WebApplicationContext
2026-03-04 15:49:48.722  INFO 22648 --- [restartedMain] w.s.c.ServletWebServerApplicationContext : Root WebApplicationContext: initialization completed in 1973 ms
2026-03-04 15:49:48.871  INFO 22648 --- [restartedMain] com.zaxxer.hikari.HikariDataSource       : HikariPool-1 - Starting...
2026-03-04 15:49:49.061  INFO 22648 --- [restartedMain] com.zaxxer.hikari.HikariDataSource       : HikariPool-1 - Start completed.
2026-03-04 15:49:49.073  INFO 22648 --- [restartedMain] o.s.b.a.h2.H2ConsoleAutoConfiguration    : H2 console available at '/h2-console'. Database available at 'jdbc:postgresql://localhost:5432/expense_tracker'
2026-03-04 15:49:49.237  INFO 22648 --- [restartedMain] o.hibernate.jpa.internal.util.LogHelper  : HHH000204: Processing PersistenceUnitInfo [name: default]
2026-03-04 15:49:49.326  INFO 22648 --- [restartedMain] org.hibernate.Version                    : HHH000412: Hibernate ORM core version 5.6.15.Final
2026-03-04 15:49:49.663  INFO 22648 --- [restartedMain] o.hibernate.annotations.common.Version   : HCANN000001: Hibernate Commons Annotations {5.1.2.Final}
2026-03-04 15:49:49.879  INFO 22648 --- [restartedMain] org.hibernate.dialect.Dialect            : HHH000400: Using dialect: org.hibernate.dialect.PostgreSQLDialect
2026-03-04 15:49:50.950 DEBUG 22648 --- [restartedMain] org.hibernate.SQL                        : alter table expenses drop constraint FKg37g4b5wtu8ab4oq2rpmfagmg
2026-03-04 15:49:50.957 DEBUG 22648 --- [restartedMain] org.hibernate.SQL                        : alter table expenses drop constraint FKhpk0n2cbnfiuu5nrgl0ika3hq
2026-03-04 15:49:50.959 DEBUG 22648 --- [restartedMain] org.hibernate.SQL                        : drop table if exists category cascade
2026-03-04 15:49:50.968 DEBUG 22648 --- [restartedMain] org.hibernate.SQL                        : drop table if exists expenses cascade
2026-03-04 15:49:50.975 DEBUG 22648 --- [restartedMain] org.hibernate.SQL                        : drop table if exists users cascade
2026-03-04 15:49:50.990 DEBUG 22648 --- [restartedMain] org.hibernate.SQL                        : create table category (id  bigserial not null, created_at timestamp not null, deleted boolean, updated_at timestamp not null, description varchar(200), name varchar(50) not null, primary key (id))
2026-03-04 15:49:51.003 DEBUG 22648 --- [restartedMain] org.hibernate.SQL                        : create table expenses (id  bigserial not null, created_at timestamp not null, deleted boolean, updated_at timestamp not null, amount numeric(19, 2) not null, currency varchar(3) not null, description varchar(200), expense_date date not null, title varchar(100) not null, category_id int8 not null, user_id int8 not null, primary key (id))
2026-03-04 15:49:51.010 DEBUG 22648 --- [restartedMain] org.hibernate.SQL                        : create table users (id  bigserial not null, created_at timestamp not null, deleted boolean, updated_at timestamp not null, email varchar(100), enabled boolean not null, password varchar(255) not null, roles varchar(255) not null, username varchar(50) not null, primary key (id))
2026-03-04 15:49:51.021 DEBUG 22648 --- [restartedMain] org.hibernate.SQL                        : alter table category add constraint UK_46ccwnsi9409t36lurvtyljak unique (name)
2026-03-04 15:49:51.025 DEBUG 22648 --- [restartedMain] org.hibernate.SQL                        : alter table users add constraint UK_6dotkott2kjsp8vw4d0m25fb7 unique (email)
2026-03-04 15:49:51.029 DEBUG 22648 --- [restartedMain] org.hibernate.SQL                        : alter table users add constraint UK_r43af9ap4edm43mmtq01oddj6 unique (username)
2026-03-04 15:49:51.033 DEBUG 22648 --- [restartedMain] org.hibernate.SQL                        : alter table expenses add constraint FKg37g4b5wtu8ab4oq2rpmfagmg foreign key (category_id) references category
2026-03-04 15:49:51.042 DEBUG 22648 --- [restartedMain] org.hibernate.SQL                        : alter table expenses add constraint FKhpk0n2cbnfiuu5nrgl0ika3hq foreign key (user_id) references users
2026-03-04 15:49:51.074  INFO 22648 --- [restartedMain] o.h.e.t.j.p.i.JtaPlatformInitiator       : HHH000490: Using JtaPlatform implementation: [org.hibernate.engine.transaction.jta.platform.internal.NoJtaPlatform]
2026-03-04 15:49:51.095  INFO 22648 --- [restartedMain] j.LocalContainerEntityManagerFactoryBean : Initialized JPA EntityManagerFactory for persistence unit 'default'
2026-03-04 15:49:52.202  WARN 22648 --- [restartedMain] JpaBaseConfiguration$JpaWebConfiguration : spring.jpa.open-in-view is enabled by default. Therefore, database queries may be performed during view rendering. Explicitly configure spring.jpa.open-in-view to disable this warning
2026-03-04 15:49:52.921  INFO 22648 --- [restartedMain] o.s.b.d.a.OptionalLiveReloadServer       : LiveReload server is running on port 35729
2026-03-04 15:49:52.927  INFO 22648 --- [restartedMain] o.s.b.a.e.web.EndpointLinksResolver      : Exposing 3 endpoint(s) beneath base path '/actuator'
2026-03-04 15:49:52.986  INFO 22648 --- [restartedMain] o.s.b.w.embedded.tomcat.TomcatWebServer  : Tomcat started on port(s): 9000 (http) with context path ''
2026-03-04 15:49:53.007  INFO 22648 --- [restartedMain] c.e.e.ExpenseTrackerApiApplication       : Started ExpenseTrackerApiApplication in 6.89 seconds (JVM running for 8.097)
2026-03-04 15:49:53.125 DEBUG 22648 --- [restartedMain] org.hibernate.SQL                        : select count(*) as col_0_0_ from users user0_
2026-03-04 15:49:53.258  INFO 22648 --- [http-nio-9000-exec-2] o.a.c.c.C.[Tomcat].[localhost].[/]       : Initializing Spring DispatcherServlet 'dispatcherServlet'
2026-03-04 15:49:53.260  INFO 22648 --- [http-nio-9000-exec-2] o.s.web.servlet.DispatcherServlet        : Initializing Servlet 'dispatcherServlet'
2026-03-04 15:49:53.261  INFO 22648 --- [http-nio-9000-exec-2] o.s.web.servlet.DispatcherServlet        : Completed initialization in 1 ms
2026-03-04 15:49:53.321 DEBUG 22648 --- [restartedMain] org.hibernate.SQL                        : insert into users (created_at, deleted, updated_at, email, enabled, password, roles, username) values (?, ?, ?, ?, ?, ?, ?, ?)
2026-03-04 15:49:53.325 TRACE 22648 --- [restartedMain] o.h.type.descriptor.sql.BasicBinder      : binding parameter [1] as [TIMESTAMP] - [2026-03-04T15:49:53.289850600]
2026-03-04 15:49:53.327 TRACE 22648 --- [restartedMain] o.h.type.descriptor.sql.BasicBinder      : binding parameter [2] as [BOOLEAN] - [false]
2026-03-04 15:49:53.328 TRACE 22648 --- [restartedMain] o.h.type.descriptor.sql.BasicBinder      : binding parameter [3] as [TIMESTAMP] - [2026-03-04T15:49:53.289850600]
2026-03-04 15:49:53.329 TRACE 22648 --- [restartedMain] o.h.type.descriptor.sql.BasicBinder      : binding parameter [4] as [VARCHAR] - [admin@elm.com]
2026-03-04 15:49:53.329 TRACE 22648 --- [restartedMain] o.h.type.descriptor.sql.BasicBinder      : binding parameter [5] as [BOOLEAN] - [true]
2026-03-04 15:49:53.329 TRACE 22648 --- [restartedMain] o.h.type.descriptor.sql.BasicBinder      : binding parameter [6] as [VARCHAR] - [$2a$10$E09lwLbTmrBvrdI5DMuvp.Azh7S3pzS5/RarQEO37ncWQVtdt05F.]
2026-03-04 15:49:53.330 TRACE 22648 --- [restartedMain] o.h.type.descriptor.sql.BasicBinder      : binding parameter [7] as [VARCHAR] - [ADMIN,USER]
2026-03-04 15:49:53.330 TRACE 22648 --- [restartedMain] o.h.type.descriptor.sql.BasicBinder      : binding parameter [8] as [VARCHAR] - [superadmin]
2026-03-04 15:52:51.165  INFO 22648 --- [File Watcher] rtingClassPathChangeChangedEventListener : Restarting due to 1 class path change (0 additions, 0 deletions, 1 modification)
2026-03-04 15:52:51.185  INFO 22648 --- [Thread-5] o.apache.catalina.core.StandardService   : Stopping service [Tomcat]
2026-03-04 15:52:51.187  INFO 22648 --- [Thread-5] o.a.c.c.C.[Tomcat].[localhost].[/]       : Destroying Spring FrameworkServlet 'dispatcherServlet'
2026-03-04 15:52:51.200  INFO 22648 --- [Thread-5] j.LocalContainerEntityManagerFactoryBean : Closing JPA EntityManagerFactory for persistence unit 'default'
2026-03-04 15:52:51.206  INFO 22648 --- [Thread-5] com.zaxxer.hikari.HikariDataSource       : HikariPool-1 - Shutdown initiated...
2026-03-04 15:52:51.213  INFO 22648 --- [Thread-5] com.zaxxer.hikari.HikariDataSource       : HikariPool-1 - Shutdown completed.
2026-03-04 15:52:51.322  INFO 22648 --- [restartedMain] c.e.e.ExpenseTrackerApiApplication       : Starting ExpenseTrackerApiApplication using Java 17.0.18 on testlap with PID 22648 (C:\Users\ahmad.alhukail\Documents\GitHub\Expense-Tracker-API\target\classes started by ahmad.alhukail in C:\Users\ahmad.alhukail\Documents\GitHub\Expense-Tracker-API)
2026-03-04 15:52:51.323  INFO 22648 --- [restartedMain] c.e.e.ExpenseTrackerApiApplication       : No active profile set, falling back to 1 default profile: "default"
2026-03-04 15:52:51.685  INFO 22648 --- [restartedMain] .s.d.r.c.RepositoryConfigurationDelegate : Bootstrapping Spring Data JPA repositories in DEFAULT mode.
2026-03-04 15:52:51.705  INFO 22648 --- [restartedMain] .s.d.r.c.RepositoryConfigurationDelegate : Finished Spring Data repository scanning in 20 ms. Found 3 JPA repository interfaces.
2026-03-04 15:52:51.837  INFO 22648 --- [restartedMain] o.s.b.w.embedded.tomcat.TomcatWebServer  : Tomcat initialized with port(s): 9000 (http)
2026-03-04 15:52:51.838  INFO 22648 --- [restartedMain] o.apache.catalina.core.StandardService   : Starting service [Tomcat]
2026-03-04 15:52:51.838  INFO 22648 --- [restartedMain] org.apache.catalina.core.StandardEngine  : Starting Servlet engine: [Apache Tomcat/9.0.83]
2026-03-04 15:52:51.854  INFO 22648 --- [restartedMain] o.a.c.c.C.[Tomcat].[localhost].[/]       : Initializing Spring embedded WebApplicationContext
2026-03-04 15:52:51.854  INFO 22648 --- [restartedMain] w.s.c.ServletWebServerApplicationContext : Root WebApplicationContext: initialization completed in 528 ms
2026-03-04 15:52:51.892  INFO 22648 --- [restartedMain] com.zaxxer.hikari.HikariDataSource       : HikariPool-2 - Starting...
2026-03-04 15:52:51.946  INFO 22648 --- [restartedMain] com.zaxxer.hikari.HikariDataSource       : HikariPool-2 - Start completed.
2026-03-04 15:52:51.946  INFO 22648 --- [restartedMain] o.s.b.a.h2.H2ConsoleAutoConfiguration    : H2 console available at '/h2-console'. Database available at 'jdbc:postgresql://localhost:5432/expense_tracker'
2026-03-04 15:52:52.006  INFO 22648 --- [restartedMain] o.hibernate.jpa.internal.util.LogHelper  : HHH000204: Processing PersistenceUnitInfo [name: default]
2026-03-04 15:52:52.011  INFO 22648 --- [restartedMain] org.hibernate.dialect.Dialect            : HHH000400: Using dialect: org.hibernate.dialect.PostgreSQLDialect
2026-03-04 15:52:52.075 DEBUG 22648 --- [restartedMain] org.hibernate.SQL                        : alter table expenses drop constraint FKg37g4b5wtu8ab4oq2rpmfagmg
2026-03-04 15:52:52.078 DEBUG 22648 --- [restartedMain] org.hibernate.SQL                        : alter table expenses drop constraint FKhpk0n2cbnfiuu5nrgl0ika3hq
2026-03-04 15:52:52.080 DEBUG 22648 --- [restartedMain] org.hibernate.SQL                        : drop table if exists category cascade
2026-03-04 15:52:52.085 DEBUG 22648 --- [restartedMain] org.hibernate.SQL                        : drop table if exists expenses cascade
2026-03-04 15:52:52.088 DEBUG 22648 --- [restartedMain] org.hibernate.SQL                        : drop table if exists users cascade
2026-03-04 15:52:52.095 DEBUG 22648 --- [restartedMain] org.hibernate.SQL                        : create table category (id  bigserial not null, created_at timestamp not null, deleted boolean, updated_at timestamp not null, description varchar(200), name varchar(50) not null, primary key (id))
2026-03-04 15:52:52.187 DEBUG 22648 --- [restartedMain] org.hibernate.SQL                        : create table expenses (id  bigserial not null, created_at timestamp not null, deleted boolean, updated_at timestamp not null, amount numeric(19, 2) not null, currency varchar(3) not null, description varchar(200), expense_date date not null, title varchar(100) not null, category_id int8 not null, user_id int8 not null, primary key (id))
2026-03-04 15:52:52.195 DEBUG 22648 --- [restartedMain] org.hibernate.SQL                        : create table users (id  bigserial not null, created_at timestamp not null, deleted boolean, updated_at timestamp not null, email varchar(100), enabled boolean not null, password varchar(255) not null, roles varchar(255) not null, username varchar(50) not null, primary key (id))
2026-03-04 15:52:52.209 DEBUG 22648 --- [restartedMain] org.hibernate.SQL                        : alter table category add constraint UK_46ccwnsi9409t36lurvtyljak unique (name)
2026-03-04 15:52:52.213 DEBUG 22648 --- [restartedMain] org.hibernate.SQL                        : alter table users add constraint UK_6dotkott2kjsp8vw4d0m25fb7 unique (email)
2026-03-04 15:52:52.217 DEBUG 22648 --- [restartedMain] org.hibernate.SQL                        : alter table users add constraint UK_r43af9ap4edm43mmtq01oddj6 unique (username)
2026-03-04 15:52:52.229 DEBUG 22648 --- [restartedMain] org.hibernate.SQL                        : alter table expenses add constraint FKg37g4b5wtu8ab4oq2rpmfagmg foreign key (category_id) references category
2026-03-04 15:52:52.258 DEBUG 22648 --- [restartedMain] org.hibernate.SQL                        : alter table expenses add constraint FKhpk0n2cbnfiuu5nrgl0ika3hq foreign key (user_id) references users
2026-03-04 15:52:52.270  INFO 22648 --- [restartedMain] o.h.e.t.j.p.i.JtaPlatformInitiator       : HHH000490: Using JtaPlatform implementation: [org.hibernate.engine.transaction.jta.platform.internal.NoJtaPlatform]
2026-03-04 15:52:52.271  INFO 22648 --- [restartedMain] j.LocalContainerEntityManagerFactoryBean : Initialized JPA EntityManagerFactory for persistence unit 'default'
2026-03-04 15:52:52.665  WARN 22648 --- [restartedMain] JpaBaseConfiguration$JpaWebConfiguration : spring.jpa.open-in-view is enabled by default. Therefore, database queries may be performed during view rendering. Explicitly configure spring.jpa.open-in-view to disable this warning
2026-03-04 15:52:52.947  INFO 22648 --- [restartedMain] o.s.b.d.a.OptionalLiveReloadServer       : LiveReload server is running on port 35729
2026-03-04 15:52:52.964  INFO 22648 --- [restartedMain] o.s.b.a.e.web.EndpointLinksResolver      : Exposing 3 endpoint(s) beneath base path '/actuator'
2026-03-04 15:52:52.990  INFO 22648 --- [restartedMain] o.s.b.w.embedded.tomcat.TomcatWebServer  : Tomcat started on port(s): 9000 (http) with context path ''
2026-03-04 15:52:53.002  INFO 22648 --- [restartedMain] c.e.e.ExpenseTrackerApiApplication       : Started ExpenseTrackerApiApplication in 1.72 seconds (JVM running for 188.091)
2026-03-04 15:52:53.006 DEBUG 22648 --- [restartedMain] org.hibernate.SQL                        : select count(*) as col_0_0_ from users user0_
2026-03-04 15:52:53.115 DEBUG 22648 --- [restartedMain] org.hibernate.SQL                        : insert into users (created_at, deleted, updated_at, email, enabled, password, roles, username) values (?, ?, ?, ?, ?, ?, ?, ?)
2026-03-04 15:52:53.116 TRACE 22648 --- [restartedMain] o.h.type.descriptor.sql.BasicBinder      : binding parameter [1] as [TIMESTAMP] - [2026-03-04T15:52:53.115469800]
2026-03-04 15:52:53.116 TRACE 22648 --- [restartedMain] o.h.type.descriptor.sql.BasicBinder      : binding parameter [2] as [BOOLEAN] - [false]
2026-03-04 15:52:53.116 TRACE 22648 --- [restartedMain] o.h.type.descriptor.sql.BasicBinder      : binding parameter [3] as [TIMESTAMP] - [2026-03-04T15:52:53.115469800]
2026-03-04 15:52:53.116 TRACE 22648 --- [restartedMain] o.h.type.descriptor.sql.BasicBinder      : binding parameter [4] as [VARCHAR] - [admin@elm.com]
2026-03-04 15:52:53.117 TRACE 22648 --- [restartedMain] o.h.type.descriptor.sql.BasicBinder      : binding parameter [5] as [BOOLEAN] - [true]
2026-03-04 15:52:53.117 TRACE 22648 --- [restartedMain] o.h.type.descriptor.sql.BasicBinder      : binding parameter [6] as [VARCHAR] - [$2a$10$M1KCakAUrGvxd3i13d4BnuWXUaYJstyarIjI3QE4lpWXdtQR5gmNG]
2026-03-04 15:52:53.117 TRACE 22648 --- [restartedMain] o.h.type.descriptor.sql.BasicBinder      : binding parameter [7] as [VARCHAR] - [ADMIN,USER]
2026-03-04 15:52:53.117 TRACE 22648 --- [restartedMain] o.h.type.descriptor.sql.BasicBinder      : binding parameter [8] as [VARCHAR] - [superadmin]
2026-03-04 15:52:53.124  INFO 22648 --- [restartedMain] .ConditionEvaluationDeltaLoggingListener : Condition evaluation unchanged
2026-03-04 15:52:56.215  INFO 22648 --- [SpringApplicationShutdownHook] j.LocalContainerEntityManagerFactoryBean : Closing JPA EntityManagerFactory for persistence unit 'default'
2026-03-04 15:52:56.216  INFO 22648 --- [SpringApplicationShutdownHook] com.zaxxer.hikari.HikariDataSource       : HikariPool-2 - Shutdown initiated...
2026-03-04 15:52:56.219  INFO 22648 --- [SpringApplicationShutdownHook] com.zaxxer.hikari.HikariDataSource       : HikariPool-2 - Shutdown completed.
2026-03-04 15:52:59.056  INFO 21704 --- [restartedMain] c.e.e.ExpenseTrackerApiApplication       : Starting ExpenseTrackerApiApplication using Java 17.0.18 on testlap with PID 21704 (C:\Users\ahmad.alhukail\Documents\GitHub\Expense-Tracker-API\target\classes started by ahmad.alhukail in C:\Users\ahmad.alhukail\Documents\GitHub\Expense-Tracker-API)
2026-03-04 15:52:59.058  INFO 21704 --- [restartedMain] c.e.e.ExpenseTrackerApiApplication       : No active profile set, falling back to 1 default profile: "default"
2026-03-04 15:52:59.129  INFO 21704 --- [restartedMain] .e.DevToolsPropertyDefaultsPostProcessor : Devtools property defaults active! Set 'spring.devtools.add-properties' to 'false' to disable
2026-03-04 15:52:59.129  INFO 21704 --- [restartedMain] .e.DevToolsPropertyDefaultsPostProcessor : For additional web related logging consider setting the 'logging.level.web' property to 'DEBUG'
2026-03-04 15:53:00.315  INFO 21704 --- [restartedMain] .s.d.r.c.RepositoryConfigurationDelegate : Bootstrapping Spring Data JPA repositories in DEFAULT mode.
2026-03-04 15:53:00.384  INFO 21704 --- [restartedMain] .s.d.r.c.RepositoryConfigurationDelegate : Finished Spring Data repository scanning in 59 ms. Found 3 JPA repository interfaces.
2026-03-04 15:53:01.094  INFO 21704 --- [restartedMain] o.s.b.w.embedded.tomcat.TomcatWebServer  : Tomcat initialized with port(s): 9000 (http)
2026-03-04 15:53:01.102  INFO 21704 --- [restartedMain] o.apache.catalina.core.StandardService   : Starting service [Tomcat]
2026-03-04 15:53:01.102  INFO 21704 --- [restartedMain] org.apache.catalina.core.StandardEngine  : Starting Servlet engine: [Apache Tomcat/9.0.83]
2026-03-04 15:53:01.182  INFO 21704 --- [restartedMain] o.a.c.c.C.[Tomcat].[localhost].[/]       : Initializing Spring embedded WebApplicationContext
2026-03-04 15:53:01.182  INFO 21704 --- [restartedMain] w.s.c.ServletWebServerApplicationContext : Root WebApplicationContext: initialization completed in 2052 ms
2026-03-04 15:53:01.346  INFO 21704 --- [restartedMain] com.zaxxer.hikari.HikariDataSource       : HikariPool-1 - Starting...
2026-03-04 15:53:01.540  INFO 21704 --- [restartedMain] com.zaxxer.hikari.HikariDataSource       : HikariPool-1 - Start completed.
2026-03-04 15:53:01.552  INFO 21704 --- [restartedMain] o.s.b.a.h2.H2ConsoleAutoConfiguration    : H2 console available at '/h2-console'. Database available at 'jdbc:postgresql://localhost:5432/expense_tracker'
2026-03-04 15:53:01.755  INFO 21704 --- [restartedMain] o.hibernate.jpa.internal.util.LogHelper  : HHH000204: Processing PersistenceUnitInfo [name: default]
2026-03-04 15:53:01.825  INFO 21704 --- [restartedMain] org.hibernate.Version                    : HHH000412: Hibernate ORM core version 5.6.15.Final
2026-03-04 15:53:02.036  INFO 21704 --- [restartedMain] o.hibernate.annotations.common.Version   : HCANN000001: Hibernate Commons Annotations {5.1.2.Final}
2026-03-04 15:53:02.193  INFO 21704 --- [restartedMain] org.hibernate.dialect.Dialect            : HHH000400: Using dialect: org.hibernate.dialect.PostgreSQLDialect
2026-03-04 15:53:02.938 DEBUG 21704 --- [restartedMain] org.hibernate.SQL                        : alter table expenses drop constraint FKg37g4b5wtu8ab4oq2rpmfagmg
2026-03-04 15:53:02.943 DEBUG 21704 --- [restartedMain] org.hibernate.SQL                        : alter table expenses drop constraint FKhpk0n2cbnfiuu5nrgl0ika3hq
2026-03-04 15:53:02.945 DEBUG 21704 --- [restartedMain] org.hibernate.SQL                        : drop table if exists category cascade
2026-03-04 15:53:02.949 DEBUG 21704 --- [restartedMain] org.hibernate.SQL                        : drop table if exists expenses cascade
2026-03-04 15:53:02.953 DEBUG 21704 --- [restartedMain] org.hibernate.SQL                        : drop table if exists users cascade
2026-03-04 15:53:02.963 DEBUG 21704 --- [restartedMain] org.hibernate.SQL                        : create table category (id  bigserial not null, created_at timestamp not null, deleted boolean, updated_at timestamp not null, description varchar(200), name varchar(50) not null, primary key (id))
2026-03-04 15:53:02.971 DEBUG 21704 --- [restartedMain] org.hibernate.SQL                        : create table expenses (id  bigserial not null, created_at timestamp not null, deleted boolean, updated_at timestamp not null, amount numeric(19, 2) not null, currency varchar(3) not null, description varchar(200), expense_date date not null, title varchar(100) not null, category_id int8 not null, user_id int8 not null, primary key (id))
2026-03-04 15:53:02.975 DEBUG 21704 --- [restartedMain] org.hibernate.SQL                        : create table users (id  bigserial not null, created_at timestamp not null, deleted boolean, updated_at timestamp not null, email varchar(100), enabled boolean not null, password varchar(255) not null, roles varchar(255) not null, username varchar(50) not null, primary key (id))
2026-03-04 15:53:02.980 DEBUG 21704 --- [restartedMain] org.hibernate.SQL                        : alter table category add constraint UK_46ccwnsi9409t36lurvtyljak unique (name)
2026-03-04 15:53:02.983 DEBUG 21704 --- [restartedMain] org.hibernate.SQL                        : alter table users add constraint UK_6dotkott2kjsp8vw4d0m25fb7 unique (email)
2026-03-04 15:53:02.985 DEBUG 21704 --- [restartedMain] org.hibernate.SQL                        : alter table users add constraint UK_r43af9ap4edm43mmtq01oddj6 unique (username)
2026-03-04 15:53:02.987 DEBUG 21704 --- [restartedMain] org.hibernate.SQL                        : alter table expenses add constraint FKg37g4b5wtu8ab4oq2rpmfagmg foreign key (category_id) references category
2026-03-04 15:53:03.024 DEBUG 21704 --- [restartedMain] org.hibernate.SQL                        : alter table expenses add constraint FKhpk0n2cbnfiuu5nrgl0ika3hq foreign key (user_id) references users
2026-03-04 15:53:03.029  INFO 21704 --- [restartedMain] o.h.e.t.j.p.i.JtaPlatformInitiator       : HHH000490: Using JtaPlatform implementation: [org.hibernate.engine.transaction.jta.platform.internal.NoJtaPlatform]
2026-03-04 15:53:03.040  INFO 21704 --- [restartedMain] j.LocalContainerEntityManagerFactoryBean : Initialized JPA EntityManagerFactory for persistence unit 'default'
2026-03-04 15:53:03.866  WARN 21704 --- [restartedMain] JpaBaseConfiguration$JpaWebConfiguration : spring.jpa.open-in-view is enabled by default. Therefore, database queries may be performed during view rendering. Explicitly configure spring.jpa.open-in-view to disable this warning
2026-03-04 15:53:04.476  INFO 21704 --- [restartedMain] o.s.b.d.a.OptionalLiveReloadServer       : LiveReload server is running on port 35729
2026-03-04 15:53:04.483  INFO 21704 --- [restartedMain] o.s.b.a.e.web.EndpointLinksResolver      : Exposing 3 endpoint(s) beneath base path '/actuator'
2026-03-04 15:53:04.536  INFO 21704 --- [restartedMain] o.s.b.w.embedded.tomcat.TomcatWebServer  : Tomcat started on port(s): 9000 (http) with context path ''
2026-03-04 15:53:04.556  INFO 21704 --- [restartedMain] c.e.e.ExpenseTrackerApiApplication       : Started ExpenseTrackerApiApplication in 6.074 seconds (JVM running for 7.171)
2026-03-04 15:53:04.659 DEBUG 21704 --- [restartedMain] org.hibernate.SQL                        : select count(*) as col_0_0_ from users user0_
2026-03-04 15:53:04.807 DEBUG 21704 --- [restartedMain] org.hibernate.SQL                        : insert into users (created_at, deleted, updated_at, email, enabled, password, roles, username) values (?, ?, ?, ?, ?, ?, ?, ?)
2026-03-04 15:53:04.810 TRACE 21704 --- [restartedMain] o.h.type.descriptor.sql.BasicBinder      : binding parameter [1] as [TIMESTAMP] - [2026-03-04T15:53:04.789607]
2026-03-04 15:53:04.811 TRACE 21704 --- [restartedMain] o.h.type.descriptor.sql.BasicBinder      : binding parameter [2] as [BOOLEAN] - [false]
2026-03-04 15:53:04.811 TRACE 21704 --- [restartedMain] o.h.type.descriptor.sql.BasicBinder      : binding parameter [3] as [TIMESTAMP] - [2026-03-04T15:53:04.789607]
2026-03-04 15:53:04.812 TRACE 21704 --- [restartedMain] o.h.type.descriptor.sql.BasicBinder      : binding parameter [4] as [VARCHAR] - [admin@elm.com]
2026-03-04 15:53:04.813 TRACE 21704 --- [restartedMain] o.h.type.descriptor.sql.BasicBinder      : binding parameter [5] as [BOOLEAN] - [true]
2026-03-04 15:53:04.813 TRACE 21704 --- [restartedMain] o.h.type.descriptor.sql.BasicBinder      : binding parameter [6] as [VARCHAR] - [$2a$10$P5JOo5iZ1OpupKwfPBebNOxhj3QNnsBJk73h4ecPLrf8/xQZgwLam]
2026-03-04 15:53:04.813 TRACE 21704 --- [restartedMain] o.h.type.descriptor.sql.BasicBinder      : binding parameter [7] as [VARCHAR] - [ADMIN,USER]
2026-03-04 15:53:04.813 TRACE 21704 --- [restartedMain] o.h.type.descriptor.sql.BasicBinder      : binding parameter [8] as [VARCHAR] - [superadmin]
2026-03-04 15:53:05.295  INFO 21704 --- [RMI TCP Connection(2)-192.168.252.253] o.a.c.c.C.[Tomcat].[localhost].[/]       : Initializing Spring DispatcherServlet 'dispatcherServlet'
2026-03-04 15:53:05.295  INFO 21704 --- [RMI TCP Connection(2)-192.168.252.253] o.s.web.servlet.DispatcherServlet        : Initializing Servlet 'dispatcherServlet'
2026-03-04 15:53:05.298  INFO 21704 --- [RMI TCP Connection(2)-192.168.252.253] o.s.web.servlet.DispatcherServlet        : Completed initialization in 3 ms
2026-03-04 16:10:11.175  INFO 21704 --- [File Watcher] rtingClassPathChangeChangedEventListener : Restarting due to 1 class path change (0 additions, 0 deletions, 1 modification)
2026-03-04 16:10:11.200  INFO 21704 --- [Thread-5] o.apache.catalina.core.StandardService   : Stopping service [Tomcat]
2026-03-04 16:10:11.200  INFO 21704 --- [Thread-5] o.a.c.c.C.[Tomcat].[localhost].[/]       : Destroying Spring FrameworkServlet 'dispatcherServlet'
2026-03-04 16:10:11.208  INFO 21704 --- [Thread-5] j.LocalContainerEntityManagerFactoryBean : Closing JPA EntityManagerFactory for persistence unit 'default'
2026-03-04 16:10:11.208  INFO 21704 --- [Thread-5] com.zaxxer.hikari.HikariDataSource       : HikariPool-1 - Shutdown initiated...
2026-03-04 16:10:11.227  INFO 21704 --- [Thread-5] com.zaxxer.hikari.HikariDataSource       : HikariPool-1 - Shutdown completed.
2026-03-04 16:10:11.403  INFO 21704 --- [restartedMain] c.e.e.ExpenseTrackerApiApplication       : Starting ExpenseTrackerApiApplication using Java 17.0.18 on testlap with PID 21704 (C:\Users\ahmad.alhukail\Documents\GitHub\Expense-Tracker-API\target\classes started by ahmad.alhukail in C:\Users\ahmad.alhukail\Documents\GitHub\Expense-Tracker-API)
2026-03-04 16:10:11.403  INFO 21704 --- [restartedMain] c.e.e.ExpenseTrackerApiApplication       : No active profile set, falling back to 1 default profile: "default"
2026-03-04 16:10:12.287  INFO 21704 --- [restartedMain] .s.d.r.c.RepositoryConfigurationDelegate : Bootstrapping Spring Data JPA repositories in DEFAULT mode.
2026-03-04 16:10:12.320  INFO 21704 --- [restartedMain] .s.d.r.c.RepositoryConfigurationDelegate : Finished Spring Data repository scanning in 31 ms. Found 3 JPA repository interfaces.
2026-03-04 16:10:12.542  INFO 21704 --- [restartedMain] o.s.b.w.embedded.tomcat.TomcatWebServer  : Tomcat initialized with port(s): 9000 (http)
2026-03-04 16:10:12.542  INFO 21704 --- [restartedMain] o.apache.catalina.core.StandardService   : Starting service [Tomcat]
2026-03-04 16:10:12.542  INFO 21704 --- [restartedMain] org.apache.catalina.core.StandardEngine  : Starting Servlet engine: [Apache Tomcat/9.0.83]
2026-03-04 16:10:12.563  INFO 21704 --- [restartedMain] o.a.c.c.C.[Tomcat].[localhost].[/]       : Initializing Spring embedded WebApplicationContext
2026-03-04 16:10:12.564  INFO 21704 --- [restartedMain] w.s.c.ServletWebServerApplicationContext : Root WebApplicationContext: initialization completed in 1145 ms
2026-03-04 16:10:12.616  INFO 21704 --- [restartedMain] com.zaxxer.hikari.HikariDataSource       : HikariPool-2 - Starting...
2026-03-04 16:10:12.669  INFO 21704 --- [restartedMain] com.zaxxer.hikari.HikariDataSource       : HikariPool-2 - Start completed.
2026-03-04 16:10:12.670  INFO 21704 --- [restartedMain] o.s.b.a.h2.H2ConsoleAutoConfiguration    : H2 console available at '/h2-console'. Database available at 'jdbc:postgresql://localhost:5432/expense_tracker'
2026-03-04 16:10:12.802  INFO 21704 --- [restartedMain] o.hibernate.jpa.internal.util.LogHelper  : HHH000204: Processing PersistenceUnitInfo [name: default]
2026-03-04 16:10:12.815  INFO 21704 --- [restartedMain] org.hibernate.dialect.Dialect            : HHH000400: Using dialect: org.hibernate.dialect.PostgreSQLDialect
2026-03-04 16:10:12.939 DEBUG 21704 --- [restartedMain] org.hibernate.SQL                        : alter table expenses drop constraint FKg37g4b5wtu8ab4oq2rpmfagmg
2026-03-04 16:10:12.945 DEBUG 21704 --- [restartedMain] org.hibernate.SQL                        : alter table expenses drop constraint FKhpk0n2cbnfiuu5nrgl0ika3hq
2026-03-04 16:10:12.946 DEBUG 21704 --- [restartedMain] org.hibernate.SQL                        : drop table if exists category cascade
2026-03-04 16:10:12.969 DEBUG 21704 --- [restartedMain] org.hibernate.SQL                        : drop table if exists expenses cascade
2026-03-04 16:10:12.976 DEBUG 21704 --- [restartedMain] org.hibernate.SQL                        : drop table if exists users cascade
2026-03-04 16:10:12.989 DEBUG 21704 --- [restartedMain] org.hibernate.SQL                        : create table category (id  bigserial not null, created_at timestamp not null, deleted boolean, updated_at timestamp not null, description varchar(200), name varchar(50) not null, primary key (id))
2026-03-04 16:10:13.100 DEBUG 21704 --- [restartedMain] org.hibernate.SQL                        : create table expenses (id  bigserial not null, created_at timestamp not null, deleted boolean, updated_at timestamp not null, amount numeric(19, 2) not null, currency varchar(3) not null, description varchar(200), expense_date date not null, title varchar(100) not null, category_id int8 not null, user_id int8 not null, primary key (id))
2026-03-04 16:10:13.107 DEBUG 21704 --- [restartedMain] org.hibernate.SQL                        : create table users (id  bigserial not null, created_at timestamp not null, deleted boolean, updated_at timestamp not null, email varchar(100), enabled boolean not null, password varchar(255) not null, roles varchar(255) not null, username varchar(50) not null, primary key (id))
2026-03-04 16:10:13.117 DEBUG 21704 --- [restartedMain] org.hibernate.SQL                        : alter table category add constraint UK_46ccwnsi9409t36lurvtyljak unique (name)
2026-03-04 16:10:13.119 DEBUG 21704 --- [restartedMain] org.hibernate.SQL                        : alter table users add constraint UK_6dotkott2kjsp8vw4d0m25fb7 unique (email)
2026-03-04 16:10:13.122 DEBUG 21704 --- [restartedMain] org.hibernate.SQL                        : alter table users add constraint UK_r43af9ap4edm43mmtq01oddj6 unique (username)
2026-03-04 16:10:13.126 DEBUG 21704 --- [restartedMain] org.hibernate.SQL                        : alter table expenses add constraint FKg37g4b5wtu8ab4oq2rpmfagmg foreign key (category_id) references category
2026-03-04 16:10:13.131 DEBUG 21704 --- [restartedMain] org.hibernate.SQL                        : alter table expenses add constraint FKhpk0n2cbnfiuu5nrgl0ika3hq foreign key (user_id) references users
2026-03-04 16:10:13.135  INFO 21704 --- [restartedMain] o.h.e.t.j.p.i.JtaPlatformInitiator       : HHH000490: Using JtaPlatform implementation: [org.hibernate.engine.transaction.jta.platform.internal.NoJtaPlatform]
2026-03-04 16:10:13.135  INFO 21704 --- [restartedMain] j.LocalContainerEntityManagerFactoryBean : Initialized JPA EntityManagerFactory for persistence unit 'default'
2026-03-04 16:10:13.418  WARN 21704 --- [restartedMain] JpaBaseConfiguration$JpaWebConfiguration : spring.jpa.open-in-view is enabled by default. Therefore, database queries may be performed during view rendering. Explicitly configure spring.jpa.open-in-view to disable this warning
2026-03-04 16:10:13.638  INFO 21704 --- [restartedMain] o.s.b.d.a.OptionalLiveReloadServer       : LiveReload server is running on port 35729
2026-03-04 16:10:13.642  INFO 21704 --- [restartedMain] o.s.b.a.e.web.EndpointLinksResolver      : Exposing 3 endpoint(s) beneath base path '/actuator'
2026-03-04 16:10:13.669  INFO 21704 --- [restartedMain] o.s.b.w.embedded.tomcat.TomcatWebServer  : Tomcat started on port(s): 9000 (http) with context path ''
2026-03-04 16:10:13.679  INFO 21704 --- [restartedMain] c.e.e.ExpenseTrackerApiApplication       : Started ExpenseTrackerApiApplication in 2.336 seconds (JVM running for 1036.294)
2026-03-04 16:10:13.683 DEBUG 21704 --- [restartedMain] org.hibernate.SQL                        : select count(*) as col_0_0_ from users user0_
2026-03-04 16:10:13.799 DEBUG 21704 --- [restartedMain] org.hibernate.SQL                        : insert into users (created_at, deleted, updated_at, email, enabled, password, roles, username) values (?, ?, ?, ?, ?, ?, ?, ?)
2026-03-04 16:10:13.799 TRACE 21704 --- [restartedMain] o.h.type.descriptor.sql.BasicBinder      : binding parameter [1] as [TIMESTAMP] - [2026-03-04T16:10:13.798802500]
2026-03-04 16:10:13.799 TRACE 21704 --- [restartedMain] o.h.type.descriptor.sql.BasicBinder      : binding parameter [2] as [BOOLEAN] - [false]
2026-03-04 16:10:13.800 TRACE 21704 --- [restartedMain] o.h.type.descriptor.sql.BasicBinder      : binding parameter [3] as [TIMESTAMP] - [2026-03-04T16:10:13.798802500]
2026-03-04 16:10:13.800 TRACE 21704 --- [restartedMain] o.h.type.descriptor.sql.BasicBinder      : binding parameter [4] as [VARCHAR] - [admin@elm.com]
2026-03-04 16:10:13.800 TRACE 21704 --- [restartedMain] o.h.type.descriptor.sql.BasicBinder      : binding parameter [5] as [BOOLEAN] - [true]
2026-03-04 16:10:13.800 TRACE 21704 --- [restartedMain] o.h.type.descriptor.sql.BasicBinder      : binding parameter [6] as [VARCHAR] - [$2a$10$lzQRjoTk5fxQFJMbgSQvTuNm/cR5JZuGOw7ULqT01Y7aJRjrF7H1i]
2026-03-04 16:10:13.800 TRACE 21704 --- [restartedMain] o.h.type.descriptor.sql.BasicBinder      : binding parameter [7] as [VARCHAR] - [ADMIN,USER]
2026-03-04 16:10:13.800 TRACE 21704 --- [restartedMain] o.h.type.descriptor.sql.BasicBinder      : binding parameter [8] as [VARCHAR] - [superadmin]
2026-03-04 16:10:13.807  INFO 21704 --- [restartedMain] .ConditionEvaluationDeltaLoggingListener : Condition evaluation unchanged
2026-03-04 16:10:17.188  INFO 21704 --- [File Watcher] rtingClassPathChangeChangedEventListener : Restarting due to 1 class path change (0 additions, 0 deletions, 1 modification)
2026-03-04 16:10:17.219  INFO 21704 --- [Thread-7] o.apache.catalina.core.StandardService   : Stopping service [Tomcat]
2026-03-04 16:10:17.232  INFO 21704 --- [Thread-7] j.LocalContainerEntityManagerFactoryBean : Closing JPA EntityManagerFactory for persistence unit 'default'
2026-03-04 16:10:17.234  INFO 21704 --- [Thread-7] com.zaxxer.hikari.HikariDataSource       : HikariPool-2 - Shutdown initiated...
2026-03-04 16:10:17.236  INFO 21704 --- [Thread-7] com.zaxxer.hikari.HikariDataSource       : HikariPool-2 - Shutdown completed.
2026-03-04 16:10:17.328  INFO 21704 --- [restartedMain] c.e.e.ExpenseTrackerApiApplication       : Starting ExpenseTrackerApiApplication using Java 17.0.18 on testlap with PID 21704 (C:\Users\ahmad.alhukail\Documents\GitHub\Expense-Tracker-API\target\classes started by ahmad.alhukail in C:\Users\ahmad.alhukail\Documents\GitHub\Expense-Tracker-API)
2026-03-04 16:10:17.328  INFO 21704 --- [restartedMain] c.e.e.ExpenseTrackerApiApplication       : No active profile set, falling back to 1 default profile: "default"
2026-03-04 16:10:17.970  INFO 21704 --- [restartedMain] .s.d.r.c.RepositoryConfigurationDelegate : Bootstrapping Spring Data JPA repositories in DEFAULT mode.
2026-03-04 16:10:17.996  INFO 21704 --- [restartedMain] .s.d.r.c.RepositoryConfigurationDelegate : Finished Spring Data repository scanning in 25 ms. Found 3 JPA repository interfaces.
2026-03-04 16:10:18.231  INFO 21704 --- [restartedMain] o.s.b.w.embedded.tomcat.TomcatWebServer  : Tomcat initialized with port(s): 9000 (http)
2026-03-04 16:10:18.232  INFO 21704 --- [restartedMain] o.apache.catalina.core.StandardService   : Starting service [Tomcat]
2026-03-04 16:10:18.233  INFO 21704 --- [restartedMain] org.apache.catalina.core.StandardEngine  : Starting Servlet engine: [Apache Tomcat/9.0.83]
2026-03-04 16:10:18.257  INFO 21704 --- [restartedMain] o.a.c.c.C.[Tomcat].[localhost].[/]       : Initializing Spring embedded WebApplicationContext
2026-03-04 16:10:18.257  INFO 21704 --- [restartedMain] w.s.c.ServletWebServerApplicationContext : Root WebApplicationContext: initialization completed in 926 ms
2026-03-04 16:10:18.317  INFO 21704 --- [restartedMain] com.zaxxer.hikari.HikariDataSource       : HikariPool-3 - Starting...
2026-03-04 16:10:18.410  INFO 21704 --- [restartedMain] com.zaxxer.hikari.HikariDataSource       : HikariPool-3 - Start completed.
2026-03-04 16:10:18.410  INFO 21704 --- [restartedMain] o.s.b.a.h2.H2ConsoleAutoConfiguration    : H2 console available at '/h2-console'. Database available at 'jdbc:postgresql://localhost:5432/expense_tracker'
2026-03-04 16:10:18.566  INFO 21704 --- [restartedMain] o.hibernate.jpa.internal.util.LogHelper  : HHH000204: Processing PersistenceUnitInfo [name: default]
2026-03-04 16:10:18.577  INFO 21704 --- [restartedMain] org.hibernate.dialect.Dialect            : HHH000400: Using dialect: org.hibernate.dialect.PostgreSQLDialect
2026-03-04 16:10:18.685 DEBUG 21704 --- [restartedMain] org.hibernate.SQL                        : alter table expenses drop constraint FKg37g4b5wtu8ab4oq2rpmfagmg
2026-03-04 16:10:18.688 DEBUG 21704 --- [restartedMain] org.hibernate.SQL                        : alter table expenses drop constraint FKhpk0n2cbnfiuu5nrgl0ika3hq
2026-03-04 16:10:18.690 DEBUG 21704 --- [restartedMain] org.hibernate.SQL                        : drop table if exists category cascade
2026-03-04 16:10:18.699 DEBUG 21704 --- [restartedMain] org.hibernate.SQL                        : drop table if exists expenses cascade
2026-03-04 16:10:18.704 DEBUG 21704 --- [restartedMain] org.hibernate.SQL                        : drop table if exists users cascade
2026-03-04 16:10:18.715 DEBUG 21704 --- [restartedMain] org.hibernate.SQL                        : create table category (id  bigserial not null, created_at timestamp not null, deleted boolean, updated_at timestamp not null, description varchar(200), name varchar(50) not null, primary key (id))
2026-03-04 16:10:18.729 DEBUG 21704 --- [restartedMain] org.hibernate.SQL                        : create table expenses (id  bigserial not null, created_at timestamp not null, deleted boolean, updated_at timestamp not null, amount numeric(19, 2) not null, currency varchar(3) not null, description varchar(200), expense_date date not null, title varchar(100) not null, category_id int8 not null, user_id int8 not null, primary key (id))
2026-03-04 16:10:18.737 DEBUG 21704 --- [restartedMain] org.hibernate.SQL                        : create table users (id  bigserial not null, created_at timestamp not null, deleted boolean, updated_at timestamp not null, email varchar(100), enabled boolean not null, password varchar(255) not null, roles varchar(255) not null, username varchar(50) not null, primary key (id))
2026-03-04 16:10:18.746 DEBUG 21704 --- [restartedMain] org.hibernate.SQL                        : alter table category add constraint UK_46ccwnsi9409t36lurvtyljak unique (name)
2026-03-04 16:10:18.749 DEBUG 21704 --- [restartedMain] org.hibernate.SQL                        : alter table users add constraint UK_6dotkott2kjsp8vw4d0m25fb7 unique (email)
2026-03-04 16:10:18.752 DEBUG 21704 --- [restartedMain] org.hibernate.SQL                        : alter table users add constraint UK_r43af9ap4edm43mmtq01oddj6 unique (username)
2026-03-04 16:10:18.755 DEBUG 21704 --- [restartedMain] org.hibernate.SQL                        : alter table expenses add constraint FKg37g4b5wtu8ab4oq2rpmfagmg foreign key (category_id) references category
2026-03-04 16:10:18.760 DEBUG 21704 --- [restartedMain] org.hibernate.SQL                        : alter table expenses add constraint FKhpk0n2cbnfiuu5nrgl0ika3hq foreign key (user_id) references users
2026-03-04 16:10:18.766  INFO 21704 --- [restartedMain] o.h.e.t.j.p.i.JtaPlatformInitiator       : HHH000490: Using JtaPlatform implementation: [org.hibernate.engine.transaction.jta.platform.internal.NoJtaPlatform]
2026-03-04 16:10:18.767  INFO 21704 --- [restartedMain] j.LocalContainerEntityManagerFactoryBean : Initialized JPA EntityManagerFactory for persistence unit 'default'
2026-03-04 16:10:19.148  WARN 21704 --- [restartedMain] JpaBaseConfiguration$JpaWebConfiguration : spring.jpa.open-in-view is enabled by default. Therefore, database queries may be performed during view rendering. Explicitly configure spring.jpa.open-in-view to disable this warning
2026-03-04 16:10:19.509  INFO 21704 --- [restartedMain] o.s.b.d.a.OptionalLiveReloadServer       : LiveReload server is running on port 35729
2026-03-04 16:10:19.513  INFO 21704 --- [restartedMain] o.s.b.a.e.web.EndpointLinksResolver      : Exposing 3 endpoint(s) beneath base path '/actuator'
2026-03-04 16:10:19.535  INFO 21704 --- [restartedMain] o.s.b.w.embedded.tomcat.TomcatWebServer  : Tomcat started on port(s): 9000 (http) with context path ''
2026-03-04 16:10:19.543  INFO 21704 --- [restartedMain] c.e.e.ExpenseTrackerApiApplication       : Started ExpenseTrackerApiApplication in 2.245 seconds (JVM running for 1042.159)
2026-03-04 16:10:19.547 DEBUG 21704 --- [restartedMain] org.hibernate.SQL                        : select count(*) as col_0_0_ from users user0_
2026-03-04 16:10:19.654 DEBUG 21704 --- [restartedMain] org.hibernate.SQL                        : insert into users (created_at, deleted, updated_at, email, enabled, password, roles, username) values (?, ?, ?, ?, ?, ?, ?, ?)
2026-03-04 16:10:19.654 TRACE 21704 --- [restartedMain] o.h.type.descriptor.sql.BasicBinder      : binding parameter [1] as [TIMESTAMP] - [2026-03-04T16:10:19.654121400]
2026-03-04 16:10:19.655 TRACE 21704 --- [restartedMain] o.h.type.descriptor.sql.BasicBinder      : binding parameter [2] as [BOOLEAN] - [false]
2026-03-04 16:10:19.655 TRACE 21704 --- [restartedMain] o.h.type.descriptor.sql.BasicBinder      : binding parameter [3] as [TIMESTAMP] - [2026-03-04T16:10:19.654121400]
2026-03-04 16:10:19.655 TRACE 21704 --- [restartedMain] o.h.type.descriptor.sql.BasicBinder      : binding parameter [4] as [VARCHAR] - [admin@elm.com]
2026-03-04 16:10:19.655 TRACE 21704 --- [restartedMain] o.h.type.descriptor.sql.BasicBinder      : binding parameter [5] as [BOOLEAN] - [true]
2026-03-04 16:10:19.655 TRACE 21704 --- [restartedMain] o.h.type.descriptor.sql.BasicBinder      : binding parameter [6] as [VARCHAR] - [$2a$10$7xgbZUtZ1sH4gL54pEUTT.BTdaLNHeFnRZEn9M1C4/SkkciwuEeki]
2026-03-04 16:10:19.656 TRACE 21704 --- [restartedMain] o.h.type.descriptor.sql.BasicBinder      : binding parameter [7] as [VARCHAR] - [ADMIN,USER]
2026-03-04 16:10:19.656 TRACE 21704 --- [restartedMain] o.h.type.descriptor.sql.BasicBinder      : binding parameter [8] as [VARCHAR] - [superadmin]
2026-03-04 16:10:19.664  INFO 21704 --- [restartedMain] .ConditionEvaluationDeltaLoggingListener : Condition evaluation unchanged
2026-03-04 16:10:20.932  INFO 21704 --- [File Watcher] rtingClassPathChangeChangedEventListener : Restarting due to 1 class path change (0 additions, 0 deletions, 1 modification)
2026-03-04 16:10:20.945  INFO 21704 --- [Thread-11] o.apache.catalina.core.StandardService   : Stopping service [Tomcat]
2026-03-04 16:10:20.952  INFO 21704 --- [Thread-11] j.LocalContainerEntityManagerFactoryBean : Closing JPA EntityManagerFactory for persistence unit 'default'
2026-03-04 16:10:20.953  INFO 21704 --- [Thread-11] com.zaxxer.hikari.HikariDataSource       : HikariPool-3 - Shutdown initiated...
2026-03-04 16:10:20.956  INFO 21704 --- [Thread-11] com.zaxxer.hikari.HikariDataSource       : HikariPool-3 - Shutdown completed.
2026-03-04 16:10:21.031  INFO 21704 --- [restartedMain] c.e.e.ExpenseTrackerApiApplication       : Starting ExpenseTrackerApiApplication using Java 17.0.18 on testlap with PID 21704 (C:\Users\ahmad.alhukail\Documents\GitHub\Expense-Tracker-API\target\classes started by ahmad.alhukail in C:\Users\ahmad.alhukail\Documents\GitHub\Expense-Tracker-API)
2026-03-04 16:10:21.031  INFO 21704 --- [restartedMain] c.e.e.ExpenseTrackerApiApplication       : No active profile set, falling back to 1 default profile: "default"
2026-03-04 16:10:21.390  INFO 21704 --- [restartedMain] .s.d.r.c.RepositoryConfigurationDelegate : Bootstrapping Spring Data JPA repositories in DEFAULT mode.
2026-03-04 16:10:21.413  INFO 21704 --- [restartedMain] .s.d.r.c.RepositoryConfigurationDelegate : Finished Spring Data repository scanning in 22 ms. Found 3 JPA repository interfaces.
2026-03-04 16:10:21.556  INFO 21704 --- [restartedMain] o.s.b.w.embedded.tomcat.TomcatWebServer  : Tomcat initialized with port(s): 9000 (http)
2026-03-04 16:10:21.557  INFO 21704 --- [restartedMain] o.apache.catalina.core.StandardService   : Starting service [Tomcat]
2026-03-04 16:10:21.557  INFO 21704 --- [restartedMain] org.apache.catalina.core.StandardEngine  : Starting Servlet engine: [Apache Tomcat/9.0.83]
2026-03-04 16:10:21.573  INFO 21704 --- [restartedMain] o.a.c.c.C.[Tomcat].[localhost].[/]       : Initializing Spring embedded WebApplicationContext
2026-03-04 16:10:21.573  INFO 21704 --- [restartedMain] w.s.c.ServletWebServerApplicationContext : Root WebApplicationContext: initialization completed in 540 ms
2026-03-04 16:10:21.617  INFO 21704 --- [restartedMain] com.zaxxer.hikari.HikariDataSource       : HikariPool-4 - Starting...
2026-03-04 16:10:21.672  INFO 21704 --- [restartedMain] com.zaxxer.hikari.HikariDataSource       : HikariPool-4 - Start completed.
2026-03-04 16:10:21.672  INFO 21704 --- [restartedMain] o.s.b.a.h2.H2ConsoleAutoConfiguration    : H2 console available at '/h2-console'. Database available at 'jdbc:postgresql://localhost:5432/expense_tracker'
2026-03-04 16:10:21.729  INFO 21704 --- [restartedMain] o.hibernate.jpa.internal.util.LogHelper  : HHH000204: Processing PersistenceUnitInfo [name: default]
2026-03-04 16:10:21.733  INFO 21704 --- [restartedMain] org.hibernate.dialect.Dialect            : HHH000400: Using dialect: org.hibernate.dialect.PostgreSQLDialect
2026-03-04 16:10:21.785 DEBUG 21704 --- [restartedMain] org.hibernate.SQL                        : alter table expenses drop constraint FKg37g4b5wtu8ab4oq2rpmfagmg
2026-03-04 16:10:21.788 DEBUG 21704 --- [restartedMain] org.hibernate.SQL                        : alter table expenses drop constraint FKhpk0n2cbnfiuu5nrgl0ika3hq
2026-03-04 16:10:21.790 DEBUG 21704 --- [restartedMain] org.hibernate.SQL                        : drop table if exists category cascade
2026-03-04 16:10:21.797 DEBUG 21704 --- [restartedMain] org.hibernate.SQL                        : drop table if exists expenses cascade
2026-03-04 16:10:21.801 DEBUG 21704 --- [restartedMain] org.hibernate.SQL                        : drop table if exists users cascade
2026-03-04 16:10:21.809 DEBUG 21704 --- [restartedMain] org.hibernate.SQL                        : create table category (id  bigserial not null, created_at timestamp not null, deleted boolean, updated_at timestamp not null, description varchar(200), name varchar(50) not null, primary key (id))
2026-03-04 16:10:21.816 DEBUG 21704 --- [restartedMain] org.hibernate.SQL                        : create table expenses (id  bigserial not null, created_at timestamp not null, deleted boolean, updated_at timestamp not null, amount numeric(19, 2) not null, currency varchar(3) not null, description varchar(200), expense_date date not null, title varchar(100) not null, category_id int8 not null, user_id int8 not null, primary key (id))
2026-03-04 16:10:21.821 DEBUG 21704 --- [restartedMain] org.hibernate.SQL                        : create table users (id  bigserial not null, created_at timestamp not null, deleted boolean, updated_at timestamp not null, email varchar(100), enabled boolean not null, password varchar(255) not null, roles varchar(255) not null, username varchar(50) not null, primary key (id))
2026-03-04 16:10:21.828 DEBUG 21704 --- [restartedMain] org.hibernate.SQL                        : alter table category add constraint UK_46ccwnsi9409t36lurvtyljak unique (name)
2026-03-04 16:10:21.830 DEBUG 21704 --- [restartedMain] org.hibernate.SQL                        : alter table users add constraint UK_6dotkott2kjsp8vw4d0m25fb7 unique (email)
2026-03-04 16:10:21.833 DEBUG 21704 --- [restartedMain] org.hibernate.SQL                        : alter table users add constraint UK_r43af9ap4edm43mmtq01oddj6 unique (username)
2026-03-04 16:10:21.835 DEBUG 21704 --- [restartedMain] org.hibernate.SQL                        : alter table expenses add constraint FKg37g4b5wtu8ab4oq2rpmfagmg foreign key (category_id) references category
2026-03-04 16:10:21.839 DEBUG 21704 --- [restartedMain] org.hibernate.SQL                        : alter table expenses add constraint FKhpk0n2cbnfiuu5nrgl0ika3hq foreign key (user_id) references users
2026-03-04 16:10:21.842  INFO 21704 --- [restartedMain] o.h.e.t.j.p.i.JtaPlatformInitiator       : HHH000490: Using JtaPlatform implementation: [org.hibernate.engine.transaction.jta.platform.internal.NoJtaPlatform]
2026-03-04 16:10:21.843  INFO 21704 --- [restartedMain] j.LocalContainerEntityManagerFactoryBean : Initialized JPA EntityManagerFactory for persistence unit 'default'
2026-03-04 16:10:22.146  WARN 21704 --- [restartedMain] JpaBaseConfiguration$JpaWebConfiguration : spring.jpa.open-in-view is enabled by default. Therefore, database queries may be performed during view rendering. Explicitly configure spring.jpa.open-in-view to disable this warning
2026-03-04 16:10:22.473  INFO 21704 --- [restartedMain] o.s.b.d.a.OptionalLiveReloadServer       : LiveReload server is running on port 35729
2026-03-04 16:10:22.478  INFO 21704 --- [restartedMain] o.s.b.a.e.web.EndpointLinksResolver      : Exposing 3 endpoint(s) beneath base path '/actuator'
2026-03-04 16:10:22.506  INFO 21704 --- [restartedMain] o.s.b.w.embedded.tomcat.TomcatWebServer  : Tomcat started on port(s): 9000 (http) with context path ''
2026-03-04 16:10:22.518  INFO 21704 --- [restartedMain] c.e.e.ExpenseTrackerApiApplication       : Started ExpenseTrackerApiApplication in 1.513 seconds (JVM running for 1045.133)
2026-03-04 16:10:22.525 DEBUG 21704 --- [restartedMain] org.hibernate.SQL                        : select count(*) as col_0_0_ from users user0_
2026-03-04 16:10:22.635 DEBUG 21704 --- [restartedMain] org.hibernate.SQL                        : insert into users (created_at, deleted, updated_at, email, enabled, password, roles, username) values (?, ?, ?, ?, ?, ?, ?, ?)
2026-03-04 16:10:22.636 TRACE 21704 --- [restartedMain] o.h.type.descriptor.sql.BasicBinder      : binding parameter [1] as [TIMESTAMP] - [2026-03-04T16:10:22.635456]
2026-03-04 16:10:22.636 TRACE 21704 --- [restartedMain] o.h.type.descriptor.sql.BasicBinder      : binding parameter [2] as [BOOLEAN] - [false]
2026-03-04 16:10:22.636 TRACE 21704 --- [restartedMain] o.h.type.descriptor.sql.BasicBinder      : binding parameter [3] as [TIMESTAMP] - [2026-03-04T16:10:22.635456]
2026-03-04 16:10:22.636 TRACE 21704 --- [restartedMain] o.h.type.descriptor.sql.BasicBinder      : binding parameter [4] as [VARCHAR] - [admin@elm.com]
2026-03-04 16:10:22.636 TRACE 21704 --- [restartedMain] o.h.type.descriptor.sql.BasicBinder      : binding parameter [5] as [BOOLEAN] - [true]
2026-03-04 16:10:22.636 TRACE 21704 --- [restartedMain] o.h.type.descriptor.sql.BasicBinder      : binding parameter [6] as [VARCHAR] - [$2a$10$7XvukCCbaRWayiNCzOmWW.gYrMqUk8MBQnlZdUgeVB9QLX5nP7BLS]
2026-03-04 16:10:22.636 TRACE 21704 --- [restartedMain] o.h.type.descriptor.sql.BasicBinder      : binding parameter [7] as [VARCHAR] - [ADMIN,USER]
2026-03-04 16:10:22.636 TRACE 21704 --- [restartedMain] o.h.type.descriptor.sql.BasicBinder      : binding parameter [8] as [VARCHAR] - [superadmin]
2026-03-04 16:10:22.641  INFO 21704 --- [restartedMain] .ConditionEvaluationDeltaLoggingListener : Condition evaluation unchanged
2026-03-04 16:10:26.394  INFO 21704 --- [File Watcher] rtingClassPathChangeChangedEventListener : Restarting due to 1 class path change (0 additions, 0 deletions, 1 modification)
2026-03-04 16:10:26.412  INFO 21704 --- [Thread-15] o.apache.catalina.core.StandardService   : Stopping service [Tomcat]
2026-03-04 16:10:26.418  INFO 21704 --- [Thread-15] j.LocalContainerEntityManagerFactoryBean : Closing JPA EntityManagerFactory for persistence unit 'default'
2026-03-04 16:10:26.420  INFO 21704 --- [Thread-15] com.zaxxer.hikari.HikariDataSource       : HikariPool-4 - Shutdown initiated...
2026-03-04 16:10:26.424  INFO 21704 --- [Thread-15] com.zaxxer.hikari.HikariDataSource       : HikariPool-4 - Shutdown completed.
2026-03-04 16:10:26.525  INFO 21704 --- [restartedMain] c.e.e.ExpenseTrackerApiApplication       : Starting ExpenseTrackerApiApplication using Java 17.0.18 on testlap with PID 21704 (C:\Users\ahmad.alhukail\Documents\GitHub\Expense-Tracker-API\target\classes started by ahmad.alhukail in C:\Users\ahmad.alhukail\Documents\GitHub\Expense-Tracker-API)
2026-03-04 16:10:26.525  INFO 21704 --- [restartedMain] c.e.e.ExpenseTrackerApiApplication       : No active profile set, falling back to 1 default profile: "default"
2026-03-04 16:10:26.999  INFO 21704 --- [restartedMain] .s.d.r.c.RepositoryConfigurationDelegate : Bootstrapping Spring Data JPA repositories in DEFAULT mode.
2026-03-04 16:10:27.030  INFO 21704 --- [restartedMain] .s.d.r.c.RepositoryConfigurationDelegate : Finished Spring Data repository scanning in 30 ms. Found 3 JPA repository interfaces.
2026-03-04 16:10:27.269  INFO 21704 --- [restartedMain] o.s.b.w.embedded.tomcat.TomcatWebServer  : Tomcat initialized with port(s): 9000 (http)
2026-03-04 16:10:27.270  INFO 21704 --- [restartedMain] o.apache.catalina.core.StandardService   : Starting service [Tomcat]
2026-03-04 16:10:27.270  INFO 21704 --- [restartedMain] org.apache.catalina.core.StandardEngine  : Starting Servlet engine: [Apache Tomcat/9.0.83]
2026-03-04 16:10:27.292  INFO 21704 --- [restartedMain] o.a.c.c.C.[Tomcat].[localhost].[/]       : Initializing Spring embedded WebApplicationContext
2026-03-04 16:10:27.292  INFO 21704 --- [restartedMain] w.s.c.ServletWebServerApplicationContext : Root WebApplicationContext: initialization completed in 764 ms
2026-03-04 16:10:27.333  INFO 21704 --- [restartedMain] com.zaxxer.hikari.HikariDataSource       : HikariPool-5 - Starting...
2026-03-04 16:10:27.389  INFO 21704 --- [restartedMain] com.zaxxer.hikari.HikariDataSource       : HikariPool-5 - Start completed.
2026-03-04 16:10:27.390  INFO 21704 --- [restartedMain] o.s.b.a.h2.H2ConsoleAutoConfiguration    : H2 console available at '/h2-console'. Database available at 'jdbc:postgresql://localhost:5432/expense_tracker'
2026-03-04 16:10:27.456  INFO 21704 --- [restartedMain] o.hibernate.jpa.internal.util.LogHelper  : HHH000204: Processing PersistenceUnitInfo [name: default]
2026-03-04 16:10:27.461  INFO 21704 --- [restartedMain] org.hibernate.dialect.Dialect            : HHH000400: Using dialect: org.hibernate.dialect.PostgreSQLDialect
2026-03-04 16:10:27.525 DEBUG 21704 --- [restartedMain] org.hibernate.SQL                        : alter table expenses drop constraint FKg37g4b5wtu8ab4oq2rpmfagmg
2026-03-04 16:10:27.527 DEBUG 21704 --- [restartedMain] org.hibernate.SQL                        : alter table expenses drop constraint FKhpk0n2cbnfiuu5nrgl0ika3hq
2026-03-04 16:10:27.529 DEBUG 21704 --- [restartedMain] org.hibernate.SQL                        : drop table if exists category cascade
2026-03-04 16:10:27.534 DEBUG 21704 --- [restartedMain] org.hibernate.SQL                        : drop table if exists expenses cascade
2026-03-04 16:10:27.540 DEBUG 21704 --- [restartedMain] org.hibernate.SQL                        : drop table if exists users cascade
2026-03-04 16:10:27.547 DEBUG 21704 --- [restartedMain] org.hibernate.SQL                        : create table category (id  bigserial not null, created_at timestamp not null, deleted boolean, updated_at timestamp not null, description varchar(200), name varchar(50) not null, primary key (id))
2026-03-04 16:10:27.560 DEBUG 21704 --- [restartedMain] org.hibernate.SQL                        : create table expenses (id  bigserial not null, created_at timestamp not null, deleted boolean, updated_at timestamp not null, amount numeric(19, 2) not null, currency varchar(3) not null, description varchar(200), expense_date date not null, title varchar(100) not null, category_id int8 not null, user_id int8 not null, primary key (id))
2026-03-04 16:10:27.565 DEBUG 21704 --- [restartedMain] org.hibernate.SQL                        : create table users (id  bigserial not null, created_at timestamp not null, deleted boolean, updated_at timestamp not null, email varchar(100), enabled boolean not null, password varchar(255) not null, roles varchar(255) not null, username varchar(50) not null, primary key (id))
2026-03-04 16:10:27.575 DEBUG 21704 --- [restartedMain] org.hibernate.SQL                        : alter table category add constraint UK_46ccwnsi9409t36lurvtyljak unique (name)
2026-03-04 16:10:27.578 DEBUG 21704 --- [restartedMain] org.hibernate.SQL                        : alter table users add constraint UK_6dotkott2kjsp8vw4d0m25fb7 unique (email)
2026-03-04 16:10:27.580 DEBUG 21704 --- [restartedMain] org.hibernate.SQL                        : alter table users add constraint UK_r43af9ap4edm43mmtq01oddj6 unique (username)
2026-03-04 16:10:27.583 DEBUG 21704 --- [restartedMain] org.hibernate.SQL                        : alter table expenses add constraint FKg37g4b5wtu8ab4oq2rpmfagmg foreign key (category_id) references category
2026-03-04 16:10:27.588 DEBUG 21704 --- [restartedMain] org.hibernate.SQL                        : alter table expenses add constraint FKhpk0n2cbnfiuu5nrgl0ika3hq foreign key (user_id) references users
2026-03-04 16:10:27.592  INFO 21704 --- [restartedMain] o.h.e.t.j.p.i.JtaPlatformInitiator       : HHH000490: Using JtaPlatform implementation: [org.hibernate.engine.transaction.jta.platform.internal.NoJtaPlatform]
2026-03-04 16:10:27.593  INFO 21704 --- [restartedMain] j.LocalContainerEntityManagerFactoryBean : Initialized JPA EntityManagerFactory for persistence unit 'default'
2026-03-04 16:10:27.895  WARN 21704 --- [restartedMain] JpaBaseConfiguration$JpaWebConfiguration : spring.jpa.open-in-view is enabled by default. Therefore, database queries may be performed during view rendering. Explicitly configure spring.jpa.open-in-view to disable this warning
2026-03-04 16:10:28.092  INFO 21704 --- [restartedMain] o.s.b.d.a.OptionalLiveReloadServer       : LiveReload server is running on port 35729
2026-03-04 16:10:28.096  INFO 21704 --- [restartedMain] o.s.b.a.e.web.EndpointLinksResolver      : Exposing 3 endpoint(s) beneath base path '/actuator'
2026-03-04 16:10:28.119  INFO 21704 --- [restartedMain] o.s.b.w.embedded.tomcat.TomcatWebServer  : Tomcat started on port(s): 9000 (http) with context path ''
2026-03-04 16:10:28.133  INFO 21704 --- [restartedMain] c.e.e.ExpenseTrackerApiApplication       : Started ExpenseTrackerApiApplication in 1.647 seconds (JVM running for 1050.749)
2026-03-04 16:10:28.138 DEBUG 21704 --- [restartedMain] org.hibernate.SQL                        : select count(*) as col_0_0_ from users user0_
2026-03-04 16:10:28.242 DEBUG 21704 --- [restartedMain] org.hibernate.SQL                        : insert into users (created_at, deleted, updated_at, email, enabled, password, roles, username) values (?, ?, ?, ?, ?, ?, ?, ?)
2026-03-04 16:10:28.242 TRACE 21704 --- [restartedMain] o.h.type.descriptor.sql.BasicBinder      : binding parameter [1] as [TIMESTAMP] - [2026-03-04T16:10:28.242082400]
2026-03-04 16:10:28.243 TRACE 21704 --- [restartedMain] o.h.type.descriptor.sql.BasicBinder      : binding parameter [2] as [BOOLEAN] - [false]
2026-03-04 16:10:28.243 TRACE 21704 --- [restartedMain] o.h.type.descriptor.sql.BasicBinder      : binding parameter [3] as [TIMESTAMP] - [2026-03-04T16:10:28.242082400]
2026-03-04 16:10:28.243 TRACE 21704 --- [restartedMain] o.h.type.descriptor.sql.BasicBinder      : binding parameter [4] as [VARCHAR] - [admin@elm.com]
2026-03-04 16:10:28.243 TRACE 21704 --- [restartedMain] o.h.type.descriptor.sql.BasicBinder      : binding parameter [5] as [BOOLEAN] - [true]
2026-03-04 16:10:28.243 TRACE 21704 --- [restartedMain] o.h.type.descriptor.sql.BasicBinder      : binding parameter [6] as [VARCHAR] - [$2a$10$H6k/TUYb/2C5Xjdu244xzOJ6MVTRKhBNM2fx5baymg35NePadwR7O]
2026-03-04 16:10:28.243 TRACE 21704 --- [restartedMain] o.h.type.descriptor.sql.BasicBinder      : binding parameter [7] as [VARCHAR] - [ADMIN,USER]
2026-03-04 16:10:28.243 TRACE 21704 --- [restartedMain] o.h.type.descriptor.sql.BasicBinder      : binding parameter [8] as [VARCHAR] - [superadmin]
2026-03-04 16:10:28.251  INFO 21704 --- [restartedMain] .ConditionEvaluationDeltaLoggingListener : Condition evaluation delta:


==========================
CONDITION EVALUATION DELTA
==========================


Positive matches:
-----------------

   InfoContributorAutoConfiguration#envInfoContributor matched:
      - @ConditionalOnEnabledInfoContributor management.info.env.enabled is true (OnEnabledInfoContributorCondition)


Negative matches:
-----------------

    None


Exclusions:
-----------

    None


Unconditional classes:
----------------------

    None



2026-03-04 16:10:28.266  INFO 21704 --- [http-nio-9000-exec-2] o.a.c.c.C.[Tomcat].[localhost].[/]       : Initializing Spring DispatcherServlet 'dispatcherServlet'
2026-03-04 16:10:28.266  INFO 21704 --- [http-nio-9000-exec-2] o.s.web.servlet.DispatcherServlet        : Initializing Servlet 'dispatcherServlet'
2026-03-04 16:10:28.267  INFO 21704 --- [http-nio-9000-exec-2] o.s.web.servlet.DispatcherServlet        : Completed initialization in 1 ms
2026-03-04 16:11:12.346  INFO 21704 --- [File Watcher] rtingClassPathChangeChangedEventListener : Restarting due to 1 class path change (0 additions, 0 deletions, 1 modification)
2026-03-04 16:11:12.361  INFO 21704 --- [Thread-19] o.apache.catalina.core.StandardService   : Stopping service [Tomcat]
2026-03-04 16:11:12.361  INFO 21704 --- [Thread-19] o.a.c.c.C.[Tomcat].[localhost].[/]       : Destroying Spring FrameworkServlet 'dispatcherServlet'
2026-03-04 16:11:12.367  INFO 21704 --- [Thread-19] j.LocalContainerEntityManagerFactoryBean : Closing JPA EntityManagerFactory for persistence unit 'default'
2026-03-04 16:11:12.369  INFO 21704 --- [Thread-19] com.zaxxer.hikari.HikariDataSource       : HikariPool-5 - Shutdown initiated...
2026-03-04 16:11:12.371  INFO 21704 --- [Thread-19] com.zaxxer.hikari.HikariDataSource       : HikariPool-5 - Shutdown completed.
2026-03-04 16:11:12.473  INFO 21704 --- [restartedMain] c.e.e.ExpenseTrackerApiApplication       : Starting ExpenseTrackerApiApplication using Java 17.0.18 on testlap with PID 21704 (C:\Users\ahmad.alhukail\Documents\GitHub\Expense-Tracker-API\target\classes started by ahmad.alhukail in C:\Users\ahmad.alhukail\Documents\GitHub\Expense-Tracker-API)
2026-03-04 16:11:12.474  INFO 21704 --- [restartedMain] c.e.e.ExpenseTrackerApiApplication       : No active profile set, falling back to 1 default profile: "default"
2026-03-04 16:11:12.904  INFO 21704 --- [restartedMain] .s.d.r.c.RepositoryConfigurationDelegate : Bootstrapping Spring Data JPA repositories in DEFAULT mode.
2026-03-04 16:11:12.930  INFO 21704 --- [restartedMain] .s.d.r.c.RepositoryConfigurationDelegate : Finished Spring Data repository scanning in 25 ms. Found 3 JPA repository interfaces.
2026-03-04 16:11:13.138  INFO 21704 --- [restartedMain] o.s.b.w.embedded.tomcat.TomcatWebServer  : Tomcat initialized with port(s): 9000 (http)
2026-03-04 16:11:13.139  INFO 21704 --- [restartedMain] o.apache.catalina.core.StandardService   : Starting service [Tomcat]
2026-03-04 16:11:13.139  INFO 21704 --- [restartedMain] org.apache.catalina.core.StandardEngine  : Starting Servlet engine: [Apache Tomcat/9.0.83]
2026-03-04 16:11:13.171  INFO 21704 --- [restartedMain] o.a.c.c.C.[Tomcat].[localhost].[/]       : Initializing Spring embedded WebApplicationContext
2026-03-04 16:11:13.171  INFO 21704 --- [restartedMain] w.s.c.ServletWebServerApplicationContext : Root WebApplicationContext: initialization completed in 695 ms
2026-03-04 16:11:13.289  INFO 21704 --- [restartedMain] com.zaxxer.hikari.HikariDataSource       : HikariPool-6 - Starting...
2026-03-04 16:11:13.369  INFO 21704 --- [restartedMain] com.zaxxer.hikari.HikariDataSource       : HikariPool-6 - Start completed.
2026-03-04 16:11:13.369  INFO 21704 --- [restartedMain] o.s.b.a.h2.H2ConsoleAutoConfiguration    : H2 console available at '/h2-console'. Database available at 'jdbc:postgresql://localhost:5432/expense_tracker'
2026-03-04 16:11:13.506  INFO 21704 --- [restartedMain] o.hibernate.jpa.internal.util.LogHelper  : HHH000204: Processing PersistenceUnitInfo [name: default]
2026-03-04 16:11:13.520  INFO 21704 --- [restartedMain] org.hibernate.dialect.Dialect            : HHH000400: Using dialect: org.hibernate.dialect.PostgreSQLDialect
2026-03-04 16:11:13.597 DEBUG 21704 --- [restartedMain] org.hibernate.SQL                        : alter table expenses drop constraint FKg37g4b5wtu8ab4oq2rpmfagmg
2026-03-04 16:11:13.600 DEBUG 21704 --- [restartedMain] org.hibernate.SQL                        : alter table expenses drop constraint FKhpk0n2cbnfiuu5nrgl0ika3hq
2026-03-04 16:11:13.602 DEBUG 21704 --- [restartedMain] org.hibernate.SQL                        : drop table if exists category cascade
2026-03-04 16:11:13.608 DEBUG 21704 --- [restartedMain] org.hibernate.SQL                        : drop table if exists expenses cascade
2026-03-04 16:11:13.613 DEBUG 21704 --- [restartedMain] org.hibernate.SQL                        : drop table if exists users cascade
2026-03-04 16:11:13.622 DEBUG 21704 --- [restartedMain] org.hibernate.SQL                        : create table category (id  bigserial not null, created_at timestamp not null, deleted boolean, updated_at timestamp not null, description varchar(200), name varchar(50) not null, primary key (id))
2026-03-04 16:11:13.643 DEBUG 21704 --- [restartedMain] org.hibernate.SQL                        : create table expenses (id  bigserial not null, created_at timestamp not null, deleted boolean, updated_at timestamp not null, amount numeric(19, 2) not null, currency varchar(3) not null, description varchar(200), expense_date date not null, title varchar(100) not null, category_id int8 not null, user_id int8 not null, primary key (id))
2026-03-04 16:11:13.649 DEBUG 21704 --- [restartedMain] org.hibernate.SQL                        : create table users (id  bigserial not null, created_at timestamp not null, deleted boolean, updated_at timestamp not null, email varchar(100), enabled boolean not null, password varchar(255) not null, roles varchar(255) not null, username varchar(50) not null, primary key (id))
2026-03-04 16:11:13.656 DEBUG 21704 --- [restartedMain] org.hibernate.SQL                        : alter table category add constraint UK_46ccwnsi9409t36lurvtyljak unique (name)
2026-03-04 16:11:13.658 DEBUG 21704 --- [restartedMain] org.hibernate.SQL                        : alter table users add constraint UK_6dotkott2kjsp8vw4d0m25fb7 unique (email)
2026-03-04 16:11:13.662 DEBUG 21704 --- [restartedMain] org.hibernate.SQL                        : alter table users add constraint UK_r43af9ap4edm43mmtq01oddj6 unique (username)
2026-03-04 16:11:13.666 DEBUG 21704 --- [restartedMain] org.hibernate.SQL                        : alter table expenses add constraint FKg37g4b5wtu8ab4oq2rpmfagmg foreign key (category_id) references category
2026-03-04 16:11:13.671 DEBUG 21704 --- [restartedMain] org.hibernate.SQL                        : alter table expenses add constraint FKhpk0n2cbnfiuu5nrgl0ika3hq foreign key (user_id) references users
2026-03-04 16:11:13.674  INFO 21704 --- [restartedMain] o.h.e.t.j.p.i.JtaPlatformInitiator       : HHH000490: Using JtaPlatform implementation: [org.hibernate.engine.transaction.jta.platform.internal.NoJtaPlatform]
2026-03-04 16:11:13.674  INFO 21704 --- [restartedMain] j.LocalContainerEntityManagerFactoryBean : Initialized JPA EntityManagerFactory for persistence unit 'default'
2026-03-04 16:11:14.018  WARN 21704 --- [restartedMain] JpaBaseConfiguration$JpaWebConfiguration : spring.jpa.open-in-view is enabled by default. Therefore, database queries may be performed during view rendering. Explicitly configure spring.jpa.open-in-view to disable this warning
2026-03-04 16:11:14.230  INFO 21704 --- [restartedMain] o.s.b.d.a.OptionalLiveReloadServer       : LiveReload server is running on port 35729
2026-03-04 16:11:14.234  INFO 21704 --- [restartedMain] o.s.b.a.e.web.EndpointLinksResolver      : Exposing 3 endpoint(s) beneath base path '/actuator'
2026-03-04 16:11:14.255  INFO 21704 --- [restartedMain] o.s.b.w.embedded.tomcat.TomcatWebServer  : Tomcat started on port(s): 9000 (http) with context path ''
2026-03-04 16:11:14.266  INFO 21704 --- [restartedMain] c.e.e.ExpenseTrackerApiApplication       : Started ExpenseTrackerApiApplication in 1.834 seconds (JVM running for 1096.881)
2026-03-04 16:11:14.271 DEBUG 21704 --- [restartedMain] org.hibernate.SQL                        : select count(*) as col_0_0_ from users user0_
2026-03-04 16:11:14.369 DEBUG 21704 --- [restartedMain] org.hibernate.SQL                        : insert into users (created_at, deleted, updated_at, email, enabled, password, roles, username) values (?, ?, ?, ?, ?, ?, ?, ?)
2026-03-04 16:11:14.369 TRACE 21704 --- [restartedMain] o.h.type.descriptor.sql.BasicBinder      : binding parameter [1] as [TIMESTAMP] - [2026-03-04T16:11:14.369574400]
2026-03-04 16:11:14.369 TRACE 21704 --- [restartedMain] o.h.type.descriptor.sql.BasicBinder      : binding parameter [2] as [BOOLEAN] - [false]
2026-03-04 16:11:14.370 TRACE 21704 --- [restartedMain] o.h.type.descriptor.sql.BasicBinder      : binding parameter [3] as [TIMESTAMP] - [2026-03-04T16:11:14.369574400]
2026-03-04 16:11:14.370 TRACE 21704 --- [restartedMain] o.h.type.descriptor.sql.BasicBinder      : binding parameter [4] as [VARCHAR] - [admin@elm.com]
2026-03-04 16:11:14.370 TRACE 21704 --- [restartedMain] o.h.type.descriptor.sql.BasicBinder      : binding parameter [5] as [BOOLEAN] - [true]
2026-03-04 16:11:14.370 TRACE 21704 --- [restartedMain] o.h.type.descriptor.sql.BasicBinder      : binding parameter [6] as [VARCHAR] - [$2a$10$3dPrrG.42isei/YwCuTW/OlH5rZShKsyED8VWOMcARWorITooX6DK]
2026-03-04 16:11:14.370 TRACE 21704 --- [restartedMain] o.h.type.descriptor.sql.BasicBinder      : binding parameter [7] as [VARCHAR] - [ADMIN,USER]
2026-03-04 16:11:14.370 TRACE 21704 --- [restartedMain] o.h.type.descriptor.sql.BasicBinder      : binding parameter [8] as [VARCHAR] - [superadmin]
2026-03-04 16:11:14.374  INFO 21704 --- [restartedMain] .ConditionEvaluationDeltaLoggingListener : Condition evaluation unchanged
2026-03-04 16:16:51.851  INFO 21704 --- [File Watcher] rtingClassPathChangeChangedEventListener : Restarting due to 1 class path change (0 additions, 0 deletions, 1 modification)
2026-03-04 16:16:51.875  INFO 21704 --- [Thread-23] o.apache.catalina.core.StandardService   : Stopping service [Tomcat]
2026-03-04 16:16:51.884  INFO 21704 --- [Thread-23] j.LocalContainerEntityManagerFactoryBean : Closing JPA EntityManagerFactory for persistence unit 'default'
2026-03-04 16:16:51.886  INFO 21704 --- [Thread-23] com.zaxxer.hikari.HikariDataSource       : HikariPool-6 - Shutdown initiated...
2026-03-04 16:16:51.890  INFO 21704 --- [Thread-23] com.zaxxer.hikari.HikariDataSource       : HikariPool-6 - Shutdown completed.
2026-03-04 16:16:52.008  INFO 21704 --- [restartedMain] c.e.e.ExpenseTrackerApiApplication       : Starting ExpenseTrackerApiApplication using Java 17.0.18 on testlap with PID 21704 (C:\Users\ahmad.alhukail\Documents\GitHub\Expense-Tracker-API\target\classes started by ahmad.alhukail in C:\Users\ahmad.alhukail\Documents\GitHub\Expense-Tracker-API)
2026-03-04 16:16:52.008  INFO 21704 --- [restartedMain] c.e.e.ExpenseTrackerApiApplication       : No active profile set, falling back to 1 default profile: "default"
2026-03-04 16:16:52.436  INFO 21704 --- [restartedMain] .s.d.r.c.RepositoryConfigurationDelegate : Bootstrapping Spring Data JPA repositories in DEFAULT mode.
2026-03-04 16:16:52.462  INFO 21704 --- [restartedMain] .s.d.r.c.RepositoryConfigurationDelegate : Finished Spring Data repository scanning in 25 ms. Found 3 JPA repository interfaces.
2026-03-04 16:16:52.603  INFO 21704 --- [restartedMain] o.s.b.w.embedded.tomcat.TomcatWebServer  : Tomcat initialized with port(s): 9000 (http)
2026-03-04 16:16:52.604  INFO 21704 --- [restartedMain] o.apache.catalina.core.StandardService   : Starting service [Tomcat]
2026-03-04 16:16:52.604  INFO 21704 --- [restartedMain] org.apache.catalina.core.StandardEngine  : Starting Servlet engine: [Apache Tomcat/9.0.83]
2026-03-04 16:16:52.619  INFO 21704 --- [restartedMain] o.a.c.c.C.[Tomcat].[localhost].[/]       : Initializing Spring embedded WebApplicationContext
2026-03-04 16:16:52.620  INFO 21704 --- [restartedMain] w.s.c.ServletWebServerApplicationContext : Root WebApplicationContext: initialization completed in 608 ms
2026-03-04 16:16:52.660  INFO 21704 --- [restartedMain] com.zaxxer.hikari.HikariDataSource       : HikariPool-7 - Starting...
2026-03-04 16:16:52.816  INFO 21704 --- [restartedMain] com.zaxxer.hikari.HikariDataSource       : HikariPool-7 - Start completed.
2026-03-04 16:16:52.816  INFO 21704 --- [restartedMain] o.s.b.a.h2.H2ConsoleAutoConfiguration    : H2 console available at '/h2-console'. Database available at 'jdbc:postgresql://localhost:5432/expense_tracker'
2026-03-04 16:16:52.881  INFO 21704 --- [restartedMain] o.hibernate.jpa.internal.util.LogHelper  : HHH000204: Processing PersistenceUnitInfo [name: default]
2026-03-04 16:16:52.886  INFO 21704 --- [restartedMain] org.hibernate.dialect.Dialect            : HHH000400: Using dialect: org.hibernate.dialect.PostgreSQLDialect
2026-03-04 16:16:52.946 DEBUG 21704 --- [restartedMain] org.hibernate.SQL                        : alter table expenses drop constraint FKg37g4b5wtu8ab4oq2rpmfagmg
2026-03-04 16:16:52.952 DEBUG 21704 --- [restartedMain] org.hibernate.SQL                        : alter table expenses drop constraint FKhpk0n2cbnfiuu5nrgl0ika3hq
2026-03-04 16:16:52.953 DEBUG 21704 --- [restartedMain] org.hibernate.SQL                        : drop table if exists category cascade
2026-03-04 16:16:52.987 DEBUG 21704 --- [restartedMain] org.hibernate.SQL                        : drop table if exists expenses cascade
2026-03-04 16:16:52.990 DEBUG 21704 --- [restartedMain] org.hibernate.SQL                        : drop table if exists users cascade
2026-03-04 16:16:52.999 DEBUG 21704 --- [restartedMain] org.hibernate.SQL                        : create table category (id  bigserial not null, created_at timestamp not null, deleted boolean, updated_at timestamp not null, description varchar(200), name varchar(50) not null, primary key (id))
2026-03-04 16:16:53.086 DEBUG 21704 --- [restartedMain] org.hibernate.SQL                        : create table expenses (id  bigserial not null, created_at timestamp not null, deleted boolean, updated_at timestamp not null, amount numeric(19, 2) not null, currency varchar(3) not null, description varchar(200), expense_date date not null, title varchar(100) not null, category_id int8 not null, user_id int8 not null, primary key (id))
2026-03-04 16:16:53.093 DEBUG 21704 --- [restartedMain] org.hibernate.SQL                        : create table users (id  bigserial not null, created_at timestamp not null, deleted boolean, updated_at timestamp not null, email varchar(100), enabled boolean not null, password varchar(255) not null, roles varchar(255) not null, username varchar(50) not null, primary key (id))
2026-03-04 16:16:53.101 DEBUG 21704 --- [restartedMain] org.hibernate.SQL                        : alter table category add constraint UK_46ccwnsi9409t36lurvtyljak unique (name)
2026-03-04 16:16:53.103 DEBUG 21704 --- [restartedMain] org.hibernate.SQL                        : alter table users add constraint UK_6dotkott2kjsp8vw4d0m25fb7 unique (email)
2026-03-04 16:16:53.106 DEBUG 21704 --- [restartedMain] org.hibernate.SQL                        : alter table users add constraint UK_r43af9ap4edm43mmtq01oddj6 unique (username)
2026-03-04 16:16:53.108 DEBUG 21704 --- [restartedMain] org.hibernate.SQL                        : alter table expenses add constraint FKg37g4b5wtu8ab4oq2rpmfagmg foreign key (category_id) references category
2026-03-04 16:16:53.125 DEBUG 21704 --- [restartedMain] org.hibernate.SQL                        : alter table expenses add constraint FKhpk0n2cbnfiuu5nrgl0ika3hq foreign key (user_id) references users
2026-03-04 16:16:53.130  INFO 21704 --- [restartedMain] o.h.e.t.j.p.i.JtaPlatformInitiator       : HHH000490: Using JtaPlatform implementation: [org.hibernate.engine.transaction.jta.platform.internal.NoJtaPlatform]
2026-03-04 16:16:53.130  INFO 21704 --- [restartedMain] j.LocalContainerEntityManagerFactoryBean : Initialized JPA EntityManagerFactory for persistence unit 'default'
2026-03-04 16:16:53.435  WARN 21704 --- [restartedMain] JpaBaseConfiguration$JpaWebConfiguration : spring.jpa.open-in-view is enabled by default. Therefore, database queries may be performed during view rendering. Explicitly configure spring.jpa.open-in-view to disable this warning
2026-03-04 16:16:53.620  INFO 21704 --- [restartedMain] o.s.b.d.a.OptionalLiveReloadServer       : LiveReload server is running on port 35729
2026-03-04 16:16:53.624  INFO 21704 --- [restartedMain] o.s.b.a.e.web.EndpointLinksResolver      : Exposing 3 endpoint(s) beneath base path '/actuator'
2026-03-04 16:16:53.648  INFO 21704 --- [restartedMain] o.s.b.w.embedded.tomcat.TomcatWebServer  : Tomcat started on port(s): 9000 (http) with context path ''
2026-03-04 16:16:53.657  INFO 21704 --- [restartedMain] c.e.e.ExpenseTrackerApiApplication       : Started ExpenseTrackerApiApplication in 1.704 seconds (JVM running for 1436.271)
2026-03-04 16:16:53.660 DEBUG 21704 --- [restartedMain] org.hibernate.SQL                        : select count(*) as col_0_0_ from users user0_
2026-03-04 16:16:53.759 DEBUG 21704 --- [restartedMain] org.hibernate.SQL                        : insert into users (created_at, deleted, updated_at, email, enabled, password, roles, username) values (?, ?, ?, ?, ?, ?, ?, ?)
2026-03-04 16:16:53.759 TRACE 21704 --- [restartedMain] o.h.type.descriptor.sql.BasicBinder      : binding parameter [1] as [TIMESTAMP] - [2026-03-04T16:16:53.758217300]
2026-03-04 16:16:53.759 TRACE 21704 --- [restartedMain] o.h.type.descriptor.sql.BasicBinder      : binding parameter [2] as [BOOLEAN] - [false]
2026-03-04 16:16:53.759 TRACE 21704 --- [restartedMain] o.h.type.descriptor.sql.BasicBinder      : binding parameter [3] as [TIMESTAMP] - [2026-03-04T16:16:53.758217300]
2026-03-04 16:16:53.759 TRACE 21704 --- [restartedMain] o.h.type.descriptor.sql.BasicBinder      : binding parameter [4] as [VARCHAR] - [admin@elm.com]
2026-03-04 16:16:53.759 TRACE 21704 --- [restartedMain] o.h.type.descriptor.sql.BasicBinder      : binding parameter [5] as [BOOLEAN] - [true]
2026-03-04 16:16:53.759 TRACE 21704 --- [restartedMain] o.h.type.descriptor.sql.BasicBinder      : binding parameter [6] as [VARCHAR] - [$2a$10$NhSWkSQkL7ourJ4u66vsaeZeC6jfPBW.aaPPTBp1GzhLePUEe.W0u]
2026-03-04 16:16:53.759 TRACE 21704 --- [restartedMain] o.h.type.descriptor.sql.BasicBinder      : binding parameter [7] as [VARCHAR] - [ADMIN,USER]
2026-03-04 16:16:53.759 TRACE 21704 --- [restartedMain] o.h.type.descriptor.sql.BasicBinder      : binding parameter [8] as [VARCHAR] - [superadmin]
2026-03-04 16:16:53.764  INFO 21704 --- [restartedMain] .ConditionEvaluationDeltaLoggingListener : Condition evaluation unchanged
2026-03-04 16:17:29.867  INFO 21704 --- [File Watcher] rtingClassPathChangeChangedEventListener : Restarting due to 1 class path change (0 additions, 0 deletions, 1 modification)
2026-03-04 16:17:29.886  INFO 21704 --- [Thread-27] o.apache.catalina.core.StandardService   : Stopping service [Tomcat]
2026-03-04 16:17:29.894  INFO 21704 --- [Thread-27] j.LocalContainerEntityManagerFactoryBean : Closing JPA EntityManagerFactory for persistence unit 'default'
2026-03-04 16:17:29.897  INFO 21704 --- [Thread-27] com.zaxxer.hikari.HikariDataSource       : HikariPool-7 - Shutdown initiated...
2026-03-04 16:17:29.900  INFO 21704 --- [Thread-27] com.zaxxer.hikari.HikariDataSource       : HikariPool-7 - Shutdown completed.
2026-03-04 16:17:30.023  INFO 21704 --- [restartedMain] c.e.e.ExpenseTrackerApiApplication       : Starting ExpenseTrackerApiApplication using Java 17.0.18 on testlap with PID 21704 (C:\Users\ahmad.alhukail\Documents\GitHub\Expense-Tracker-API\target\classes started by ahmad.alhukail in C:\Users\ahmad.alhukail\Documents\GitHub\Expense-Tracker-API)
2026-03-04 16:17:30.023  INFO 21704 --- [restartedMain] c.e.e.ExpenseTrackerApiApplication       : No active profile set, falling back to 1 default profile: "default"
2026-03-04 16:17:30.551  INFO 21704 --- [restartedMain] .s.d.r.c.RepositoryConfigurationDelegate : Bootstrapping Spring Data JPA repositories in DEFAULT mode.
2026-03-04 16:17:30.577  INFO 21704 --- [restartedMain] .s.d.r.c.RepositoryConfigurationDelegate : Finished Spring Data repository scanning in 25 ms. Found 3 JPA repository interfaces.
2026-03-04 16:17:30.735  INFO 21704 --- [restartedMain] o.s.b.w.embedded.tomcat.TomcatWebServer  : Tomcat initialized with port(s): 9000 (http)
2026-03-04 16:17:30.735  INFO 21704 --- [restartedMain] o.apache.catalina.core.StandardService   : Starting service [Tomcat]
2026-03-04 16:17:30.735  INFO 21704 --- [restartedMain] org.apache.catalina.core.StandardEngine  : Starting Servlet engine: [Apache Tomcat/9.0.83]
2026-03-04 16:17:30.753  INFO 21704 --- [restartedMain] o.a.c.c.C.[Tomcat].[localhost].[/]       : Initializing Spring embedded WebApplicationContext
2026-03-04 16:17:30.753  INFO 21704 --- [restartedMain] w.s.c.ServletWebServerApplicationContext : Root WebApplicationContext: initialization completed in 724 ms
2026-03-04 16:17:30.793  INFO 21704 --- [restartedMain] com.zaxxer.hikari.HikariDataSource       : HikariPool-8 - Starting...
2026-03-04 16:17:30.859  INFO 21704 --- [restartedMain] com.zaxxer.hikari.HikariDataSource       : HikariPool-8 - Start completed.
2026-03-04 16:17:30.860  INFO 21704 --- [restartedMain] o.s.b.a.h2.H2ConsoleAutoConfiguration    : H2 console available at '/h2-console'. Database available at 'jdbc:postgresql://localhost:5432/expense_tracker'
2026-03-04 16:17:31.047  INFO 21704 --- [restartedMain] o.hibernate.jpa.internal.util.LogHelper  : HHH000204: Processing PersistenceUnitInfo [name: default]
2026-03-04 16:17:31.057  INFO 21704 --- [restartedMain] org.hibernate.dialect.Dialect            : HHH000400: Using dialect: org.hibernate.dialect.PostgreSQLDialect
2026-03-04 16:17:31.131 DEBUG 21704 --- [restartedMain] org.hibernate.SQL                        : alter table expenses drop constraint FKg37g4b5wtu8ab4oq2rpmfagmg
2026-03-04 16:17:31.134 DEBUG 21704 --- [restartedMain] org.hibernate.SQL                        : alter table expenses drop constraint FKhpk0n2cbnfiuu5nrgl0ika3hq
2026-03-04 16:17:31.136 DEBUG 21704 --- [restartedMain] org.hibernate.SQL                        : drop table if exists category cascade
2026-03-04 16:17:31.144 DEBUG 21704 --- [restartedMain] org.hibernate.SQL                        : drop table if exists expenses cascade
2026-03-04 16:17:31.148 DEBUG 21704 --- [restartedMain] org.hibernate.SQL                        : drop table if exists users cascade
2026-03-04 16:17:31.157 DEBUG 21704 --- [restartedMain] org.hibernate.SQL                        : create table category (id  bigserial not null, created_at timestamp not null, deleted boolean, updated_at timestamp not null, description varchar(200), name varchar(50) not null, primary key (id))
2026-03-04 16:17:31.167 DEBUG 21704 --- [restartedMain] org.hibernate.SQL                        : create table expenses (id  bigserial not null, created_at timestamp not null, deleted boolean, updated_at timestamp not null, amount numeric(19, 2) not null, currency varchar(3) not null, description varchar(200), expense_date date not null, title varchar(100) not null, category_id int8 not null, user_id int8 not null, primary key (id))
2026-03-04 16:17:31.174 DEBUG 21704 --- [restartedMain] org.hibernate.SQL                        : create table users (id  bigserial not null, created_at timestamp not null, deleted boolean, updated_at timestamp not null, email varchar(100), enabled boolean not null, password varchar(255) not null, roles varchar(255) not null, username varchar(50) not null, primary key (id))
2026-03-04 16:17:31.181 DEBUG 21704 --- [restartedMain] org.hibernate.SQL                        : alter table category add constraint UK_46ccwnsi9409t36lurvtyljak unique (name)
2026-03-04 16:17:31.184 DEBUG 21704 --- [restartedMain] org.hibernate.SQL                        : alter table users add constraint UK_6dotkott2kjsp8vw4d0m25fb7 unique (email)
2026-03-04 16:17:31.187 DEBUG 21704 --- [restartedMain] org.hibernate.SQL                        : alter table users add constraint UK_r43af9ap4edm43mmtq01oddj6 unique (username)
2026-03-04 16:17:31.191 DEBUG 21704 --- [restartedMain] org.hibernate.SQL                        : alter table expenses add constraint FKg37g4b5wtu8ab4oq2rpmfagmg foreign key (category_id) references category
2026-03-04 16:17:31.196 DEBUG 21704 --- [restartedMain] org.hibernate.SQL                        : alter table expenses add constraint FKhpk0n2cbnfiuu5nrgl0ika3hq foreign key (user_id) references users
2026-03-04 16:17:31.200  INFO 21704 --- [restartedMain] o.h.e.t.j.p.i.JtaPlatformInitiator       : HHH000490: Using JtaPlatform implementation: [org.hibernate.engine.transaction.jta.platform.internal.NoJtaPlatform]
2026-03-04 16:17:31.200  INFO 21704 --- [restartedMain] j.LocalContainerEntityManagerFactoryBean : Initialized JPA EntityManagerFactory for persistence unit 'default'
2026-03-04 16:17:31.496  WARN 21704 --- [restartedMain] JpaBaseConfiguration$JpaWebConfiguration : spring.jpa.open-in-view is enabled by default. Therefore, database queries may be performed during view rendering. Explicitly configure spring.jpa.open-in-view to disable this warning
2026-03-04 16:17:31.783  INFO 21704 --- [restartedMain] o.s.b.d.a.OptionalLiveReloadServer       : LiveReload server is running on port 35729
2026-03-04 16:17:31.787  INFO 21704 --- [restartedMain] o.s.b.a.e.web.EndpointLinksResolver      : Exposing 3 endpoint(s) beneath base path '/actuator'
2026-03-04 16:17:31.812  INFO 21704 --- [restartedMain] o.s.b.w.embedded.tomcat.TomcatWebServer  : Tomcat started on port(s): 9000 (http) with context path ''
2026-03-04 16:17:31.825  INFO 21704 --- [restartedMain] c.e.e.ExpenseTrackerApiApplication       : Started ExpenseTrackerApiApplication in 1.855 seconds (JVM running for 1474.44)
2026-03-04 16:17:31.829 DEBUG 21704 --- [restartedMain] org.hibernate.SQL                        : select count(*) as col_0_0_ from users user0_
2026-03-04 16:17:31.925 DEBUG 21704 --- [restartedMain] org.hibernate.SQL                        : insert into users (created_at, deleted, updated_at, email, enabled, password, roles, username) values (?, ?, ?, ?, ?, ?, ?, ?)
2026-03-04 16:17:31.926 TRACE 21704 --- [restartedMain] o.h.type.descriptor.sql.BasicBinder      : binding parameter [1] as [TIMESTAMP] - [2026-03-04T16:17:31.925789500]
2026-03-04 16:17:31.926 TRACE 21704 --- [restartedMain] o.h.type.descriptor.sql.BasicBinder      : binding parameter [2] as [BOOLEAN] - [false]
2026-03-04 16:17:31.926 TRACE 21704 --- [restartedMain] o.h.type.descriptor.sql.BasicBinder      : binding parameter [3] as [TIMESTAMP] - [2026-03-04T16:17:31.925789500]
2026-03-04 16:17:31.926 TRACE 21704 --- [restartedMain] o.h.type.descriptor.sql.BasicBinder      : binding parameter [4] as [VARCHAR] - [admin@elm.com]
2026-03-04 16:17:31.926 TRACE 21704 --- [restartedMain] o.h.type.descriptor.sql.BasicBinder      : binding parameter [5] as [BOOLEAN] - [true]
2026-03-04 16:17:31.926 TRACE 21704 --- [restartedMain] o.h.type.descriptor.sql.BasicBinder      : binding parameter [6] as [VARCHAR] - [$2a$10$q9ZggvBJ0Ytf3YM0QyCUxuQng3l./7kkAiF2du3e/nh/FrAiR5OaC]
2026-03-04 16:17:31.926 TRACE 21704 --- [restartedMain] o.h.type.descriptor.sql.BasicBinder      : binding parameter [7] as [VARCHAR] - [ADMIN,USER]
2026-03-04 16:17:31.926 TRACE 21704 --- [restartedMain] o.h.type.descriptor.sql.BasicBinder      : binding parameter [8] as [VARCHAR] - [superadmin]
2026-03-04 16:17:31.930  INFO 21704 --- [restartedMain] .ConditionEvaluationDeltaLoggingListener : Condition evaluation unchanged
2026-03-04 16:17:39.365  INFO 21704 --- [File Watcher] rtingClassPathChangeChangedEventListener : Restarting due to 1 class path change (0 additions, 0 deletions, 1 modification)
2026-03-04 16:17:39.381  INFO 21704 --- [Thread-31] o.apache.catalina.core.StandardService   : Stopping service [Tomcat]
2026-03-04 16:17:39.388  INFO 21704 --- [Thread-31] j.LocalContainerEntityManagerFactoryBean : Closing JPA EntityManagerFactory for persistence unit 'default'
2026-03-04 16:17:39.390  INFO 21704 --- [Thread-31] com.zaxxer.hikari.HikariDataSource       : HikariPool-8 - Shutdown initiated...
2026-03-04 16:17:39.391  INFO 21704 --- [Thread-31] com.zaxxer.hikari.HikariDataSource       : HikariPool-8 - Shutdown completed.
